pos_rmse_m,vel_rmse_mps,att_rmse_deg,omega_rmse_radps,final_pos_err_m,final_vel_err_mps,final_att_err_deg,final_omega_err_radps,diverged,horizon_s,window_id,method,log_id,start_time_s,end_time_s,sample_count
0.2424893169121214,0.3137616223117565,7.037161415761693,0.7353320928012754,0.4370620792660143,0.617897816907187,12.198886384112678,1.2219204928873004,False,0.5,0,label_oracle,log_4_2026-4-12-17-43-30,11.77,12.27,51
0.026563912382177618,0.8742620163433555,96.1798012089359,97.68348643096745,,,,,True,0.5,0,delaurier_uncalibrated,log_4_2026-4-12-17-43-30,11.77,12.27,51
0.17766189179423666,1.598448109842338,16.084958265591084,1.6403637597258232,0.42990064579825055,3.166557868440349,29.948936051389925,1.1543976381331382,False,0.5,0,delaurier_gain_calibrated,log_4_2026-4-12-17-43-30,11.77,12.27,51
0.03116657101571234,0.9132915235738667,94.53697411231276,102.10411805594799,,,,,True,0.5,0,delaurier_physically_calibrated,log_4_2026-4-12-17-43-30,11.77,12.27,51
0.20023806836212435,0.33615917466544654,8.414183462794501,0.9081381355041087,0.33546139756944454,0.7726581198653523,17.576691146378582,1.0281395165391978,False,0.5,0,nn_effective_wrench,log_4_2026-4-12-17-43-30,11.77,12.27,51
0.0956996813816295,0.21777297704656998,5.262642652554543,0.6213431960051514,0.15564884065854626,0.35543301377588554,8.643409857911111,0.8775543678086982,False,0.5,1,label_oracle,log_4_2026-4-12-17-43-30,26.75,27.25,51
0.07141791467986663,1.3710104428496195,87.42194485519907,84.71626535036594,,,,,True,0.5,1,delaurier_uncalibrated,log_4_2026-4-12-17-43-30,26.75,27.25,51
0.13348933936262208,1.5497233082855248,14.604060528842778,1.2249481914568063,0.3489000525601662,2.32137923749655,23.576688261807657,1.2948980933576506,False,0.5,1,delaurier_gain_calibrated,log_4_2026-4-12-17-43-30,26.75,27.25,51
0.028251055297239213,0.2865584842377677,92.62169858114592,88.57314294111326,,,,,True,0.5,1,delaurier_physically_calibrated,log_4_2026-4-12-17-43-30,26.75,27.25,51
0.09467374363765038,0.36257369588884936,10.116400419525371,1.0671007938612551,0.14932917892355,0.6201349470770157,17.700326860228724,1.5014912887670882,False,0.5,1,nn_effective_wrench,log_4_2026-4-12-17-43-30,26.75,27.25,51
0.14780008653735038,0.35143562838535014,9.143323771343795,0.7344487368858496,0.2615475618501145,0.8645232416725949,15.695772625452598,0.5818977852440584,False,0.5,2,label_oracle,log_4_2026-4-12-17-43-30,41.73,42.23,51
0.010938799095817997,0.317519527005151,76.13425367180467,106.39415339519427,,,,,True,0.5,2,delaurier_uncalibrated,log_4_2026-4-12-17-43-30,41.73,42.23,51
0.3442424069400576,2.10243673623701,19.181485686375403,1.3647577797977297,0.7221614013285133,3.8996147646338897,32.29521626093089,1.550554295274293,False,0.5,2,delaurier_gain_calibrated,log_4_2026-4-12-17-43-30,41.73,42.23,51
0.014255288102886472,0.44688036771608197,84.42622799090667,96.94219717756188,,,,,True,0.5,2,delaurier_physically_calibrated,log_4_2026-4-12-17-43-30,41.73,42.23,51
0.1559047308850191,0.8700839544566205,36.8304863006801,2.7127942570296337,0.29604230058315195,2.6109944853015765,71.96146032769971,4.122339841719709,False,0.5,2,nn_effective_wrench,log_4_2026-4-12-17-43-30,41.73,42.23,51
0.12325521940182134,0.3802695346107736,10.202650497378155,0.9967756979192127,0.21544432485003842,0.746204868705641,17.00259599175331,1.4849654801349084,False,0.5,3,label_oracle,log_4_2026-4-12-17-43-30,60.26,60.76,51
0.005114532045350613,0.6135761832394485,85.40968423441005,114.13713631336125,,,,,True,0.5,3,delaurier_uncalibrated,log_4_2026-4-12-17-43-30,60.26,60.76,51
0.37852440243389396,1.9992853037732918,21.83462733470627,1.9284383679148553,0.8219987205700446,3.8387150997142925,40.28641047933919,1.9116260668027716,False,0.5,3,delaurier_gain_calibrated,log_4_2026-4-12-17-43-30,60.26,60.76,51
0.017186422400958978,0.8398805715862018,88.62251605229754,93.958941607643,,,,,True,0.5,3,delaurier_physically_calibrated,log_4_2026-4-12-17-43-30,60.26,60.76,51
0.11415100223085142,0.5418364521281267,24.092271727038113,2.222119102875758,0.20288654048596913,1.5321094606580943,51.29378824742819,2.6340695313133615,False,0.5,3,nn_effective_wrench,log_4_2026-4-12-17-43-30,60.26,60.76,51
0.08141053993223239,0.23953658622002177,7.072701549016031,0.6066262348654444,0.15226046209394603,0.4069220417598229,13.469144744994104,0.8005703052884057,False,0.5,4,label_oracle,log_4_2026-4-12-17-43-30,76.50999999999999,77.00999999999999,51
0.011072633691816821,0.22293228028609974,51.06674143457369,96.1364412449223,,,,,True,0.5,4,delaurier_uncalibrated,log_4_2026-4-12-17-43-30,76.50999999999999,77.00999999999999,51
0.23851700965204636,1.384646666816801,12.473689484498028,1.313416661192851,0.5176911184197216,2.0867985317207505,24.43497141415963,0.914316719123,False,0.5,4,delaurier_gain_calibrated,log_4_2026-4-12-17-43-30,76.50999999999999,77.00999999999999,51
0.012776897500508103,0.33229704822166445,93.76412404189507,105.8562712815415,,,,,True,0.5,4,delaurier_physically_calibrated,log_4_2026-4-12-17-43-30,76.50999999999999,77.00999999999999,51
0.06904377218058891,0.4899782366251899,24.887209942874193,2.783727692560592,0.15099730205231893,1.0535474199218322,59.377781352162835,5.472237101898652,False,0.5,4,nn_effective_wrench,log_4_2026-4-12-17-43-30,76.50999999999999,77.00999999999999,51
0.057210318504987666,0.29533410213588396,7.339896941746002,0.6693355453538516,0.11725354939133543,0.4725927668340896,11.896279428940906,0.48596830466211227,False,0.5,5,label_oracle,log_4_2026-4-12-17-43-30,91.5,92.0,51
0.00392822801277196,0.08411714101530166,63.8666709978946,122.02329193351176,,,,,True,0.5,5,delaurier_uncalibrated,log_4_2026-4-12-17-43-30,91.5,92.0,51
0.303163633799532,1.6919678450462607,17.378830875940466,1.8621940103385375,0.6619352970574492,2.556082082291267,38.16836913966149,1.6757952816533999,False,0.5,5,delaurier_gain_calibrated,log_4_2026-4-12-17-43-30,91.5,92.0,51
0.007521681894881693,0.10760543347874686,93.31730971777634,97.98371746543611,,,,,True,0.5,5,delaurier_physically_calibrated,log_4_2026-4-12-17-43-30,91.5,92.0,51
0.08687904413305782,0.5421971774793161,14.649813013479408,1.1725176778043278,0.19385535183121508,0.9125711451748452,26.223672947167117,0.9945134785653057,False,0.5,5,nn_effective_wrench,log_4_2026-4-12-17-43-30,91.5,92.0,51
0.0644691724305268,0.48912153248652435,11.322698111105618,0.7825374880612589,0.15337038648763102,0.7936930571230018,17.60354110618606,0.6161654713230602,False,0.5,6,label_oracle,log_4_2026-4-12-17-43-30,106.47999999999999,106.97999999999999,51
0.0014783255637737381,0.0640940611738369,24.012377855645745,83.87184998245671,,,,,True,0.5,6,delaurier_uncalibrated,log_4_2026-4-12-17-43-30,106.47999999999999,106.97999999999999,51
0.16322594913919472,1.111502379424919,16.84035503869853,1.4196153781712217,0.3778829782483256,1.5707652475434106,28.272356910882543,0.8464704501619924,False,0.5,6,delaurier_gain_calibrated,log_4_2026-4-12-17-43-30,106.47999999999999,106.97999999999999,51
0.0038211052448624025,0.04566207986020308,79.52982592052822,105.80298030958392,,,,,True,0.5,6,delaurier_physically_calibrated,log_4_2026-4-12-17-43-30,106.47999999999999,106.97999999999999,51
0.10132459550036713,0.736656540548528,18.11672912438602,1.2810301781592635,0.25178707668665157,1.2694465151457008,31.937404457954823,1.7497007065222752,False,0.5,6,nn_effective_wrench,log_4_2026-4-12-17-43-30,106.47999999999999,106.97999999999999,51
0.06831797970918668,0.4386986272535059,10.423654223274088,0.7720166618630803,0.158484115401498,0.7481584381585187,15.628203151380378,0.09405174245535422,False,0.5,7,label_oracle,log_4_2026-4-12-17-43-30,124.0,124.5,51
0.003722762278365032,0.12180086158882197,61.09312767223509,114.62957179516775,,,,,True,0.5,7,delaurier_uncalibrated,log_4_2026-4-12-17-43-30,124.0,124.5,51
0.2924454948519266,1.7256581586835407,18.09705340253709,1.4648658169147675,0.663025888056383,2.6156327536719575,29.871581324130734,0.8692874574484645,False,0.5,7,delaurier_gain_calibrated,log_4_2026-4-12-17-43-30,124.0,124.5,51
0.011137536596739656,0.1807149347800399,87.5234481572779,119.84441345473938,,,,,True,0.5,7,delaurier_physically_calibrated,log_4_2026-4-12-17-43-30,124.0,124.5,51
0.031217152875169723,0.27969089183346535,3.3109775874962644,0.798660508134151,0.05772819524021185,0.35158965052105506,9.204542488255816,0.8029670111402681,False,0.5,7,nn_effective_wrench,log_4_2026-4-12-17-43-30,124.0,124.5,51
0.06961421492713427,0.19362816650376558,3.988357506193984,0.49521675672386994,0.11911557130709555,0.19311157739675333,6.110295597744219,0.37900786968789996,False,0.5,8,label_oracle,log_4_2026-4-12-17-43-30,138.98999999999998,139.48999999999998,51
0.01349021683903782,0.6189393115308038,48.34479814707466,76.5727465133786,,,,,True,0.5,8,delaurier_uncalibrated,log_4_2026-4-12-17-43-30,138.98999999999998,139.48999999999998,51
0.3290529676668734,1.7554879960699623,22.160690251938,1.5966062606951104,0.6938899935003938,2.3155483785018816,38.11903826943602,1.1755769636896058,False,0.5,8,delaurier_gain_calibrated,log_4_2026-4-12-17-43-30,138.98999999999998,139.48999999999998,51
0.015274817965170436,0.48668204729066095,94.61096961810503,87.45480320452013,,,,,True,0.5,8,delaurier_physically_calibrated,log_4_2026-4-12-17-43-30,138.98999999999998,139.48999999999998,51
0.11424425454861138,0.4672748053583339,13.033492645409233,1.246334042418794,0.2316054830960681,0.8389081958636966,27.83037056447565,2.0017945523323046,False,0.5,8,nn_effective_wrench,log_4_2026-4-12-17-43-30,138.98999999999998,139.48999999999998,51
0.10630988735567962,0.5052569277431497,13.508101997380832,0.9543721606282112,0.24172992909375485,0.9864060552165269,22.397841805264555,0.7166640480043276,False,0.5,9,label_oracle,log_4_2026-4-12-17-43-30,153.97,154.47,51
0.006932134673520359,0.266057858093991,72.84525164713307,97.16758778646474,,,,,True,0.5,9,delaurier_uncalibrated,log_4_2026-4-12-17-43-30,153.97,154.47,51
0.2930852099481969,1.6569950987854163,17.95231302769494,1.298388904039582,0.6517825945748401,2.6967372890460024,26.315223186869755,0.19337964016886178,False,0.5,9,delaurier_gain_calibrated,log_4_2026-4-12-17-43-30,153.97,154.47,51
0.01098801942084858,0.5639688329733915,89.81633873983101,111.06338670665988,,,,,True,0.5,9,delaurier_physically_calibrated,log_4_2026-4-12-17-43-30,153.97,154.47,51
0.09201220572430659,0.28212332812879554,5.3409911231032225,0.8215155726515511,0.18631457292522977,0.5264364905542631,9.566709326054665,0.8797391127550701,False,0.5,9,nn_effective_wrench,log_4_2026-4-12-17-43-30,153.97,154.47,51
0.07105990735310266,0.285482859463534,7.549653583802761,0.6093425310976518,0.1373681439361966,0.4421823701826103,13.53614371157232,1.0253853456630084,False,0.5,10,label_oracle,log_4_2026-4-12-17-43-30,168.95999999999998,169.45999999999998,51
0.0019497380058286296,0.21807966130650908,54.07310959191667,100.92031221460277,,,,,True,0.5,10,delaurier_uncalibrated,log_4_2026-4-12-17-43-30,168.95999999999998,169.45999999999998,51
0.40644451184203373,1.9621064368575205,18.637697832730037,1.5992630367986511,0.825412313822705,2.553155508962301,36.06823359812266,2.9602936983310983,False,0.5,10,delaurier_gain_calibrated,log_4_2026-4-12-17-43-30,168.95999999999998,169.45999999999998,51
0.01570459406169455,0.760441426176766,86.58512469645653,109.32715958643728,,,,,True,0.5,10,delaurier_physically_calibrated,log_4_2026-4-12-17-43-30,168.95999999999998,169.45999999999998,51
0.06090984359531259,0.2761931494421812,10.866343863785014,1.2977581841788106,0.12460935812840877,0.4121649422125301,20.70258185646564,1.4961071339881826,False,0.5,10,nn_effective_wrench,log_4_2026-4-12-17-43-30,168.95999999999998,169.45999999999998,51
0.025010524377030663,0.2456021348202138,6.996459097822473,0.5981652222231613,0.03841711664981655,0.5241767206220783,12.01581383541574,0.6737643825454247,False,0.5,11,label_oracle,log_4_2026-4-12-17-43-30,183.94,184.44,51
0.0198066522757753,0.6410001928190672,91.70427596952851,97.16918554393244,,,,,True,0.5,11,delaurier_uncalibrated,log_4_2026-4-12-17-43-30,183.94,184.44,51
0.2704953277299243,1.6927880525617482,19.846645418397763,1.6460843562185314,0.6273693718165921,3.124952039094714,39.68017976008158,2.3055033080259966,False,0.5,11,delaurier_gain_calibrated,log_4_2026-4-12-17-43-30,183.94,184.44,51
0.05254010609914406,1.0260354037316164,110.11684478930108,105.32697502618673,,,,,True,0.5,11,delaurier_physically_calibrated,log_4_2026-4-12-17-43-30,183.94,184.44,51
0.11417898683662098,0.7470646864375793,21.999472054133342,1.7160816296536674,0.25619933378880877,1.7029835012261592,43.5601089750047,2.211953050392875,False,0.5,11,nn_effective_wrench,log_4_2026-4-12-17-43-30,183.94,184.44,51
0.0475739708267787,0.18456596100078068,3.5785920224089565,0.48540831817777064,0.09875454628815829,0.2529341985339448,5.825287190193434,0.331326783805587,False,0.5,12,label_oracle,log_4_2026-4-14-12-30-12,20.349999999999998,20.849999999999998,51
0.009322438192627298,0.21320590382106436,52.23694878402505,97.62635021447464,,,,,True,0.5,12,delaurier_uncalibrated,log_4_2026-4-14-12-30-12,20.349999999999998,20.849999999999998,51
0.10974013405126806,1.220936367352154,6.118155300511156,1.108733773480479,0.2840021402692143,2.0538969553250452,10.940662832135684,1.2938987846857553,False,0.5,12,delaurier_gain_calibrated,log_4_2026-4-14-12-30-12,20.349999999999998,20.849999999999998,51
0.0112764001488418,0.14951953359082473,91.6464348275153,108.38783585050588,,,,,True,0.5,12,delaurier_physically_calibrated,log_4_2026-4-14-12-30-12,20.349999999999998,20.849999999999998,51
0.08026455214374194,0.607197882012438,16.653600285278458,1.5722195924361386,0.19916951703684158,1.1103138201833833,36.29064957723748,2.69956611464743,False,0.5,12,nn_effective_wrench,log_4_2026-4-14-12-30-12,20.349999999999998,20.849999999999998,51
0.1173970342525249,0.4850265360222399,10.844894513839764,0.8233642531818332,0.2392222274825278,0.775951150505378,18.326688133379662,0.9375382308634379,False,0.5,13,label_oracle,log_4_2026-4-14-12-30-12,35.339999999999996,35.839999999999996,51
0.014719931854044188,0.6419082082225952,63.54830508550776,73.73394553084299,,,,,True,0.5,13,delaurier_uncalibrated,log_4_2026-4-14-12-30-12,35.339999999999996,35.839999999999996,51
0.3248406543805269,1.9112252923674085,21.880928255115947,1.4697601472368929,0.7064369656216315,2.523787507046073,34.78843346835783,0.8832669070326696,False,0.5,13,delaurier_gain_calibrated,log_4_2026-4-14-12-30-12,35.339999999999996,35.839999999999996,51
0.0465150911948944,0.8145243177772519,105.06451529255469,79.49542842012245,,,,,True,0.5,13,delaurier_physically_calibrated,log_4_2026-4-14-12-30-12,35.339999999999996,35.839999999999996,51
0.068905053633347,0.4770074129172985,15.430164742792357,1.2692046479124246,0.11500264918873161,0.7193003434956116,30.083591608689854,1.4359405966643115,False,0.5,13,nn_effective_wrench,log_4_2026-4-14-12-30-12,35.339999999999996,35.839999999999996,51
0.08735060179910398,0.3169952988706311,7.447447386646839,0.6657005319969526,0.1658446909818468,0.7447516422676983,12.630022985078593,0.4759148796531881,False,0.5,14,label_oracle,log_4_2026-4-14-12-30-12,51.589999999999996,52.089999999999996,51
0.003656405405618896,0.18355951648501095,59.22356065624592,112.55908659545959,,,,,True,0.5,14,delaurier_uncalibrated,log_4_2026-4-14-12-30-12,51.589999999999996,52.089999999999996,51
0.3266427797088229,1.6029454845463325,23.257393586315914,1.653871982952576,0.6668954850863196,2.99891402999238,39.95049404341704,2.038785289228188,False,0.5,14,delaurier_gain_calibrated,log_4_2026-4-14-12-30-12,51.589999999999996,52.089999999999996,51
0.008477855772044495,0.3611165157488859,89.84719565603332,99.49953813838302,,,,,True,0.5,14,delaurier_physically_calibrated,log_4_2026-4-14-12-30-12,51.589999999999996,52.089999999999996,51
0.0508837215591241,0.34415368986027656,9.695386168682198,1.0251702694046148,0.08468999072547984,0.8273391892941132,19.552454371446082,1.2660118909654106,False,0.5,14,nn_effective_wrench,log_4_2026-4-14-12-30-12,51.589999999999996,52.089999999999996,51
0.053609982222967784,0.22209926447878617,6.189291464381326,0.5294432060362247,0.07483172210984607,0.5269925292327298,10.125982245569844,0.6857321040650991,False,0.5,15,label_oracle,log_4_2026-4-14-12-30-12,66.58,67.08,51
0.005703191923123262,0.02398097600290562,23.544924540712003,82.1681094888641,,,,,True,0.5,15,delaurier_uncalibrated,log_4_2026-4-14-12-30-12,66.58,67.08,51
0.07043991466311994,0.7994453628828252,16.45373533087698,1.2799692851016315,0.08222209122509434,1.9838845564457444,28.421254883445034,0.7038806895881571,False,0.5,15,delaurier_gain_calibrated,log_4_2026-4-14-12-30-12,66.58,67.08,51
0.005364010565869959,0.050909120267442855,81.46145519400933,109.35628780377131,,,,,True,0.5,15,delaurier_physically_calibrated,log_4_2026-4-14-12-30-12,66.58,67.08,51
0.049565150351243134,0.28301024781088396,6.518644448825892,0.6684964634468512,0.08473687590698813,0.6785972396631071,10.940659489887969,0.4353857349369593,False,0.5,15,nn_effective_wrench,log_4_2026-4-14-12-30-12,66.58,67.08,51
0.08985733607422755,0.2084082965956864,7.584535030177303,0.5697928831705309,0.1543673507999846,0.29157912048594264,12.424142745514347,0.3968576268665268,False,0.5,16,label_oracle,log_4_2026-4-14-12-30-12,81.56,82.06,51
0.004019651519122306,0.3591927003695458,74.01614080435199,103.77967671094571,,,,,True,0.5,16,delaurier_uncalibrated,log_4_2026-4-14-12-30-12,81.56,82.06,51
0.2659941535732368,1.6507957065655678,8.84802425548014,1.0406982611052713,0.6035965080831124,2.3611997238329008,16.430804339344018,0.7495898606770222,False,0.5,16,delaurier_gain_calibrated,log_4_2026-4-14-12-30-12,81.56,82.06,51
0.0059796916685187175,0.3502217565958618,87.04608194576126,93.45539764519805,,,,,True,0.5,16,delaurier_physically_calibrated,log_4_2026-4-14-12-30-12,81.56,82.06,51
0.09564267197495631,0.3120327456770014,13.507059499472238,1.1742500377021428,0.17846595131174778,0.5105770562787564,27.256307964579502,1.7717650564048868,False,0.5,16,nn_effective_wrench,log_4_2026-4-14-12-30-12,81.56,82.06,51
0.12037318261778714,0.2560080938858004,5.925708210966826,0.6141337620604005,0.19133516737151948,0.26566456437073527,10.899098881650925,0.6756948751394376,False,0.5,17,label_oracle,log_4_2026-4-14-12-30-12,96.53999999999999,97.03999999999999,51
0.013612454563343377,0.1676976817621297,60.301599601770654,114.76172160553958,,,,,True,0.5,17,delaurier_uncalibrated,log_4_2026-4-14-12-30-12,96.53999999999999,97.03999999999999,51
0.09124408478913672,0.6146766396323774,11.85042358527876,1.112836354163117,0.1670259771118698,1.2664731883216203,19.57657442852142,1.2270013126774688,False,0.5,17,delaurier_gain_calibrated,log_4_2026-4-14-12-30-12,96.53999999999999,97.03999999999999,51
0.019142558815443106,0.331140361178575,85.66313829720947,105.31736727770179,,,,,True,0.5,17,delaurier_physically_calibrated,log_4_2026-4-14-12-30-12,96.53999999999999,97.03999999999999,51
0.13740555623287568,0.4619656263339244,14.552773677660456,1.3960007533928032,0.24111942025813043,1.0124161514617531,30.18184448667573,2.1122971818941148,False,0.5,17,nn_effective_wrench,log_4_2026-4-14-12-30-12,96.53999999999999,97.03999999999999,51
0.09648046196286575,0.2387829330903738,4.804980980687998,0.42874293318218937,0.16617390047655742,0.34162246925082,8.22048221710585,0.5933662711162806,False,0.5,18,label_oracle,log_4_2026-4-14-12-30-12,111.53,112.03,51
0.005422594286985519,0.4814976909933386,90.21521636596368,114.3557221505449,,,,,True,0.5,18,delaurier_uncalibrated,log_4_2026-4-14-12-30-12,111.53,112.03,51
0.3814809308400643,1.9770097499763488,7.738765939874204,0.9262577884057018,0.8191268858225759,2.5420804740828062,11.84335995855892,0.6298643315221103,False,0.5,18,delaurier_gain_calibrated,log_4_2026-4-14-12-30-12,111.53,112.03,51
0.015347104092279826,0.7077086010856601,83.76713639912106,86.96112266118155,,,,,True,0.5,18,delaurier_physically_calibrated,log_4_2026-4-14-12-30-12,111.53,112.03,51
0.08918982760162926,0.1758176870421381,4.987736144539897,0.7045233311673057,0.15071175746604876,0.1486380476714492,12.522387977370848,0.901456516404423,False,0.5,18,nn_effective_wrench,log_4_2026-4-14-12-30-12,111.53,112.03,51
0.07904375627300518,0.1532169221391741,1.1817324884884441,0.34360753852022247,0.1391937506955643,0.17672328694981349,3.059496106513929,0.10763380480460687,False,0.5,19,label_oracle,log_4_2026-4-14-12-30-12,126.50999999999999,127.00999999999999,51
0.00868366541554296,0.3153326901142375,83.21169527325229,79.4645663428017,,,,,True,0.5,19,delaurier_uncalibrated,log_4_2026-4-14-12-30-12,126.50999999999999,127.00999999999999,51
0.23798330257640918,1.4309379531430808,16.05995668769283,1.37497632532832,0.5450132980031217,2.1255046945570735,30.69765672129794,1.0616304215615235,False,0.5,19,delaurier_gain_calibrated,log_4_2026-4-14-12-30-12,126.50999999999999,127.00999999999999,51
0.018843686876158235,0.3570888665968354,73.74653548287868,85.0533151956604,,,,,True,0.5,19,delaurier_physically_calibrated,log_4_2026-4-14-12-30-12,126.50999999999999,127.00999999999999,51
0.11542546733244144,0.43677969827437996,12.523002232822744,0.9968112856436925,0.23735730605210925,0.7254596133332349,19.994320543397542,0.759377854610386,False,0.5,19,nn_effective_wrench,log_4_2026-4-14-12-30-12,126.50999999999999,127.00999999999999,51
0.023296655206865323,0.2381293424862465,5.487356183413187,0.546934435382889,0.04538372054766242,0.40372026407986566,9.889633205176938,0.8706983405304989,False,0.5,20,label_oracle,log_4_2026-4-14-12-30-12,142.76999999999998,143.26999999999998,51
0.002256906548840196,0.18639307383622808,57.53125189253236,108.67852565496204,,,,,True,0.5,20,delaurier_uncalibrated,log_4_2026-4-14-12-30-12,142.76999999999998,143.26999999999998,51
0.2769541894608114,1.4214608385158873,8.627271733243393,1.13682695136003,0.5995963949244797,2.215173606609428,15.553721739235268,1.2544362446496875,False,0.5,20,delaurier_gain_calibrated,log_4_2026-4-14-12-30-12,142.76999999999998,143.26999999999998,51
0.004277705588322405,0.16436671109635975,93.88454412515284,100.50197868694706,,,,,True,0.5,20,delaurier_physically_calibrated,log_4_2026-4-14-12-30-12,142.76999999999998,143.26999999999998,51
0.03306960104845722,0.3890632324212217,13.202188724417475,1.1025181713271734,0.09416869242461995,0.7333636692620756,26.214052304939628,1.5882993567169845,False,0.5,20,nn_effective_wrench,log_4_2026-4-14-12-30-12,142.76999999999998,143.26999999999998,51
0.05302479964018069,0.3468508276671798,7.949421239193333,0.6448067693219054,0.12117623610413644,0.5429693570318744,14.042469324651776,0.8223741488021471,False,0.5,21,label_oracle,log_18_2026-4-15-12-56-08,15.86,16.36,51
0.00657036013586151,0.3764955033293236,64.56123137200754,123.7678160008174,,,,,True,0.5,21,delaurier_uncalibrated,log_18_2026-4-15-12-56-08,15.86,16.36,51
0.20114334821752952,1.1818320734562449,8.247829539227528,0.8378886273778225,0.43312971137401957,1.318159332783023,12.051791575673098,0.6774299722571823,False,0.5,21,delaurier_gain_calibrated,log_18_2026-4-15-12-56-08,15.86,16.36,51
0.020641608504678687,0.7700576855347353,74.63528941669134,84.59561398601254,,,,,True,0.5,21,delaurier_physically_calibrated,log_18_2026-4-15-12-56-08,15.86,16.36,51
0.05715932953326088,0.4454328929616146,13.314540353676383,1.1326260276273368,0.14384890253328392,0.7111986560495567,25.757590094467368,1.8019364602318146,False,0.5,21,nn_effective_wrench,log_18_2026-4-15-12-56-08,15.86,16.36,51
0.13150652375873856,0.3374556672781995,5.540291637562196,0.5695857934825713,0.2540043263054456,0.6111128841775291,10.361437273949957,0.7482430381573244,False,0.5,22,label_oracle,log_18_2026-4-15-12-56-08,30.849999999999998,31.349999999999998,51
0.0011883205858130791,0.11124593869739398,20.328958084237794,70.95895802591374,,,,,True,0.5,22,delaurier_uncalibrated,log_18_2026-4-15-12-56-08,30.849999999999998,31.349999999999998,51
0.1848509586692028,1.1780111017445507,7.67875364094562,0.9356007995203655,0.3828120925971078,2.3774078812097974,16.046590167603437,1.0701494962274876,False,0.5,22,delaurier_gain_calibrated,log_18_2026-4-15-12-56-08,30.849999999999998,31.349999999999998,51
0.0019137042350363346,0.33702585424436426,90.15955633132606,99.71745083919124,,,,,True,0.5,22,delaurier_physically_calibrated,log_18_2026-4-15-12-56-08,30.849999999999998,31.349999999999998,51
0.12939456672172073,0.3815864371409626,9.72933546573858,1.0345554367181589,0.25689681437951,0.8912533874059818,21.106112709501083,1.834183083650812,False,0.5,22,nn_effective_wrench,log_18_2026-4-15-12-56-08,30.849999999999998,31.349999999999998,51
0.10037361037178853,0.1804326329945,2.771760316430541,0.5233538904331532,0.16931965612377922,0.21731601517313567,6.387024009468052,0.7183805581859825,False,0.5,23,label_oracle,log_18_2026-4-15-12-56-08,47.1,47.599999999999994,51
0.007753208358800697,0.27543079959164213,60.8848267310118,85.85210700212302,,,,,True,0.5,23,delaurier_uncalibrated,log_18_2026-4-15-12-56-08,47.1,47.599999999999994,51
0.04889395485111362,0.692300502272762,13.910674138455649,1.1907266125793898,0.13127139749948352,1.5697306588664202,24.178654800008434,0.37240063636608495,False,0.5,23,delaurier_gain_calibrated,log_18_2026-4-15-12-56-08,47.1,47.599999999999994,51
0.018669300477656334,0.390613230653262,78.28463378960855,78.73526025779441,,,,,True,0.5,23,delaurier_physically_calibrated,log_18_2026-4-15-12-56-08,47.1,47.599999999999994,51
0.1249108438792348,0.5224638968846398,14.591799440663527,1.0538561097962398,0.2301727253301616,1.1942008705118003,23.147276015503657,0.24945543360768152,False,0.5,23,nn_effective_wrench,log_18_2026-4-15-12-56-08,47.1,47.599999999999994,51
0.05016831793018574,0.2036281149902751,6.232562058009907,0.5813781310734145,0.08977651355568632,0.5593119257724906,11.66471879740734,0.5818651539702202,False,0.5,24,label_oracle,log_18_2026-4-15-12-56-08,62.08,62.58,51
0.004204884826859493,0.2287079361767665,40.32527013463482,78.73543644174559,,,,,True,0.5,24,delaurier_uncalibrated,log_18_2026-4-15-12-56-08,62.08,62.58,51
0.1378408058496144,1.104096506640493,10.903834648170525,1.035730814168305,0.3396612628281722,2.3311086073022644,18.271481851925888,0.8423410739840991,False,0.5,24,delaurier_gain_calibrated,log_18_2026-4-15-12-56-08,62.08,62.58,51
0.015583636172033948,0.3851543822132076,84.74676459205993,93.26194700977447,,,,,True,0.5,24,delaurier_physically_calibrated,log_18_2026-4-15-12-56-08,62.08,62.58,51
0.027944429717781584,0.21441427454892922,6.585280910457266,0.8557838773633514,0.04715970679987982,0.48010819229770924,12.401789747150135,0.9953051065110035,False,0.5,24,nn_effective_wrench,log_18_2026-4-15-12-56-08,62.08,62.58,51
0.042545317197141136,0.20793536096587073,4.918563114627809,0.521490508541222,0.08476767541712729,0.4307012669200578,7.950830724323604,0.5425415776949545,False,0.5,25,label_oracle,log_18_2026-4-15-12-56-08,77.07,77.57,51
0.002714235190500217,0.2033292438958124,51.94879143329614,100.8354367298308,,,,,True,0.5,25,delaurier_uncalibrated,log_18_2026-4-15-12-56-08,77.07,77.57,51
0.1004781768679848,0.966473932337191,8.46949228275928,0.9527109783869908,0.27275023903183443,2.0294628285839176,12.034220102060171,0.4958905310449739,False,0.5,25,delaurier_gain_calibrated,log_18_2026-4-15-12-56-08,77.07,77.57,51
0.01301720727553122,0.5127058671013758,85.84581283599695,95.4265777474831,,,,,True,0.5,25,delaurier_physically_calibrated,log_18_2026-4-15-12-56-08,77.07,77.57,51
0.03684811699991094,0.4282892535625045,12.106547677817854,0.9733857513333023,0.10703256044523309,0.9741886728819663,21.939489174372476,0.8002621644436991,False,0.5,25,nn_effective_wrench,log_18_2026-4-15-12-56-08,77.07,77.57,51
0.03677745936131769,0.28172971105777,8.479203388134069,0.6292421795225417,0.09465796598625509,0.6606309496412605,14.968324027062188,0.8353712336375585,False,0.5,26,label_oracle,log_18_2026-4-15-12-56-08,92.05,92.55,51
0.0016880532536938757,0.07151985482083666,57.74006281523187,108.16942903363464,,,,,True,0.5,26,delaurier_uncalibrated,log_18_2026-4-15-12-56-08,92.05,92.55,51
0.2256725535002557,1.437561368675225,5.336070196779318,0.7429996591260845,0.5275511153465484,2.8670361666312636,8.401446735774654,0.5179842155151106,False,0.5,26,delaurier_gain_calibrated,log_18_2026-4-15-12-56-08,92.05,92.55,51
0.004455934954361145,0.07327979698183933,90.912876761866,112.6726736629194,,,,,True,0.5,26,delaurier_physically_calibrated,log_18_2026-4-15-12-56-08,92.05,92.55,51
0.026162222521743668,0.29470365192024195,7.7081277092695295,0.9415207447085212,0.07007300329073138,0.5154639377142679,16.394662227862177,1.7394669678797385,False,0.5,26,nn_effective_wrench,log_18_2026-4-15-12-56-08,92.05,92.55,51
0.05021413203257481,0.15671562617884302,2.6652849698222085,0.40993519969721814,0.10411989113752616,0.15046932270754815,4.9617864694422655,0.3080954976939866,False,0.5,27,label_oracle,log_18_2026-4-15-12-56-08,107.03999999999999,107.53999999999999,51
0.0011284669554214508,0.18449554981113128,60.883549084177446,117.25886614914812,,,,,True,0.5,27,delaurier_uncalibrated,log_18_2026-4-15-12-56-08,107.03999999999999,107.53999999999999,51
0.4271324748293648,2.077323794265518,15.183677123621345,1.115322547339958,0.8690861249026861,2.6743570574738595,24.732332212756173,0.5375024930773662,False,0.5,27,delaurier_gain_calibrated,log_18_2026-4-15-12-56-08,107.03999999999999,107.53999999999999,51
0.0037775613094736403,0.28184078275671515,93.70788714975133,102.22547096501076,,,,,True,0.5,27,delaurier_physically_calibrated,log_18_2026-4-15-12-56-08,107.03999999999999,107.53999999999999,51
0.03279578094436429,0.1910179551813354,4.3847114116871975,0.5511838456709938,0.07246035189145437,0.19874107837139932,7.986671058409778,0.5032851710297168,False,0.5,27,nn_effective_wrench,log_18_2026-4-15-12-56-08,107.03999999999999,107.53999999999999,51
0.013237720536707654,0.17678385378716444,3.155848820930479,0.5064539552713895,0.013056528928066776,0.27858070630604465,3.5788887406054464,1.0216913910191603,False,0.5,28,label_oracle,log_18_2026-4-15-12-56-08,123.28999999999999,123.78999999999999,51
0.0007453419895914082,0.03867800032629001,22.490033299546496,78.5786572183022,,,,,True,0.5,28,delaurier_uncalibrated,log_18_2026-4-15-12-56-08,123.28999999999999,123.78999999999999,51
0.19740509786726096,1.4367664250764949,28.899442227798588,2.0613987801050544,0.49778913825918075,2.943772973623934,53.376607812317104,2.6767924637654943,False,0.5,28,delaurier_gain_calibrated,log_18_2026-4-15-12-56-08,123.28999999999999,123.78999999999999,51
0.002566897340940714,0.15084109920494418,67.2201757008757,91.5401669153516,,,,,True,0.5,28,delaurier_physically_calibrated,log_18_2026-4-15-12-56-08,123.28999999999999,123.78999999999999,51
0.06992155536694372,0.7917369764807072,28.450064777385826,2.549040627120321,0.2078396238343364,1.9748518338737877,62.123688557634544,5.139924278166111,False,0.5,28,nn_effective_wrench,log_18_2026-4-15-12-56-08,123.28999999999999,123.78999999999999,51
0.07441780344625817,0.1640624292031041,3.0935519619988803,0.415368655892992,0.1324228022304667,0.14798397851086997,6.1668808839324125,0.3292150436246408,False,0.5,29,label_oracle,log_18_2026-4-15-12-56-08,138.26999999999998,138.76999999999998,51
0.0030767361231639817,0.20185146850564772,54.55508152672749,101.64617246267795,,,,,True,0.5,29,delaurier_uncalibrated,log_18_2026-4-15-12-56-08,138.26999999999998,138.76999999999998,51
0.14923764447740367,0.9376282389281316,17.29217630835134,1.6405890893752204,0.32860722961685834,1.6656236067339647,36.37822068339708,2.0800716744182357,False,0.5,29,delaurier_gain_calibrated,log_18_2026-4-15-12-56-08,138.26999999999998,138.76999999999998,51
0.007552034166122415,0.3481532796671304,93.51084231904807,104.48051945377574,,,,,True,0.5,29,delaurier_physically_calibrated,log_18_2026-4-15-12-56-08,138.26999999999998,138.76999999999998,51
0.09073704924185014,0.22713420136951984,5.382332025867607,0.5821582075077807,0.17392734317368086,0.26144842177954025,8.75772942915097,0.23470809137486762,False,0.5,29,nn_effective_wrench,log_18_2026-4-15-12-56-08,138.26999999999998,138.76999999999998,51
0.12062336338750157,0.3832950197697033,11.187771329301675,0.7835496559926193,0.22702790452337313,0.6660684267449917,19.20093528479685,0.9621291796570541,False,0.5,30,label_oracle,log_34_2026-4-16-19-13-30,8.87,9.37,51
0.0022512514997351366,0.10144922529065602,20.527059763982077,71.41773866329346,,,,,True,0.5,30,delaurier_uncalibrated,log_34_2026-4-16-19-13-30,8.87,9.37,51
0.32947878478058806,1.7719362155905876,14.985106856675971,1.1138521939896562,0.6679919540737633,2.6175141910997306,25.155355228602687,1.7687368102488554,False,0.5,30,delaurier_gain_calibrated,log_34_2026-4-16-19-13-30,8.87,9.37,51
0.005862541424759252,0.2909766973884754,90.09634083246246,109.63042310259306,,,,,True,0.5,30,delaurier_physically_calibrated,log_34_2026-4-16-19-13-30,8.87,9.37,51
0.09849479726197428,0.26958454779029567,8.102734250677747,0.7176541384849193,0.1749585077387781,0.39879341598525175,13.243765080996635,0.8500643676371551,False,0.5,30,nn_effective_wrench,log_34_2026-4-16-19-13-30,8.87,9.37,51
0.11991855040226244,0.3319116967282747,9.26805420484594,0.7059915272398556,0.2036756299542963,0.8778137253278661,16.071490227274907,0.5276776943284123,False,0.5,31,label_oracle,log_34_2026-4-16-19-13-30,23.849999999999998,24.349999999999998,51
0.0077194373879131565,0.2786148421383614,42.269364870643535,82.89589161832075,,,,,True,0.5,31,delaurier_uncalibrated,log_34_2026-4-16-19-13-30,23.849999999999998,24.349999999999998,51
0.27575950801462296,1.591643882735326,2.8938855411105373,0.8158244364076703,0.5670961542025076,2.9399544080994833,6.114754552592069,0.603910426953637,False,0.5,31,delaurier_gain_calibrated,log_34_2026-4-16-19-13-30,23.849999999999998,24.349999999999998,51
0.022137125719957115,0.3754555545136433,94.84617963293309,90.06894536900421,,,,,True,0.5,31,delaurier_physically_calibrated,log_34_2026-4-16-19-13-30,23.849999999999998,24.349999999999998,51
0.11964542132983047,0.2565218355346219,4.409127965109319,0.612860227738467,0.18738534510995256,0.3387279213700127,8.492336663383787,0.7510744100736545,False,0.5,31,nn_effective_wrench,log_34_2026-4-16-19-13-30,23.849999999999998,24.349999999999998,51
0.09756371063889477,0.16761510486209194,3.3310714871166787,0.4577791094987031,0.1850344959398414,0.1964491875573149,6.245324918828889,0.24033864306438812,False,0.5,32,label_oracle,log_34_2026-4-16-19-13-30,38.839999999999996,39.339999999999996,51
0.005423276393961317,0.047904214041305175,53.274023987450896,102.46396377012535,,,,,True,0.5,32,delaurier_uncalibrated,log_34_2026-4-16-19-13-30,38.839999999999996,39.339999999999996,51
0.12424468810952022,1.2816347658500202,12.378225965562727,1.1140001913105664,0.32819257571347654,2.0673642166393322,22.55064619013432,1.903988179658887,False,0.5,32,delaurier_gain_calibrated,log_34_2026-4-16-19-13-30,38.839999999999996,39.339999999999996,51
0.01916050770427091,0.4171636850314186,89.55557472133884,89.04806398967288,,,,,True,0.5,32,delaurier_physically_calibrated,log_34_2026-4-16-19-13-30,38.839999999999996,39.339999999999996,51
0.06771215904901173,0.3889293123936201,16.969682647965595,1.4233525787988965,0.140523863436313,0.5348485816061245,34.75606519794117,2.1996315261715442,False,0.5,32,nn_effective_wrench,log_34_2026-4-16-19-13-30,38.839999999999996,39.339999999999996,51
0.11043269753137527,0.20942643150949622,2.0730338228891396,0.3888417793667026,0.17850659094122578,0.11992138830589498,3.140171037971985,0.2572263556037826,False,0.5,33,label_oracle,log_34_2026-4-16-19-13-30,55.089999999999996,55.589999999999996,51
0.002818074976467252,0.12395551101104078,67.50184331858397,128.39674985624328,,,,,True,0.5,33,delaurier_uncalibrated,log_34_2026-4-16-19-13-30,55.089999999999996,55.589999999999996,51
0.10941229634072927,0.6089356275156409,7.397801297167382,0.8591180391474242,0.16051979283381584,1.2333961620079128,12.56019798705437,0.2719300621441384,False,0.5,33,delaurier_gain_calibrated,log_34_2026-4-16-19-13-30,55.089999999999996,55.589999999999996,51
0.003131247468690013,0.24403958537299533,71.65786770070986,95.66670468792057,,,,,True,0.5,33,delaurier_physically_calibrated,log_34_2026-4-16-19-13-30,55.089999999999996,55.589999999999996,51
0.12572608817518188,0.37637139505900724,11.144252563524452,1.104631237718804,0.22975578326534474,0.9252424546976641,24.673068386633254,1.4501481923789172,False,0.5,33,nn_effective_wrench,log_34_2026-4-16-19-13-30,55.089999999999996,55.589999999999996,51
0.06052816036820277,0.266420654176828,7.668672473548285,0.6474638420013242,0.10074492165942647,0.5214557719144983,13.70654311641556,0.9506591145571133,False,0.5,34,label_oracle,log_34_2026-4-16-19-13-30,70.07,70.57,51
0.0018119423614821335,0.09090761754763661,25.90233528853608,90.14388996372567,,,,,True,0.5,34,delaurier_uncalibrated,log_34_2026-4-16-19-13-30,70.07,70.57,51
0.2550771376640576,1.32092933582098,4.502818971289172,0.8301110045866391,0.51264114278334,2.1211245082557406,9.00971221858986,0.7579547889919119,False,0.5,34,delaurier_gain_calibrated,log_34_2026-4-16-19-13-30,70.07,70.57,51
0.004439033528289629,0.3085630436479161,82.29069398851398,110.85244497571085,,,,,True,0.5,34,delaurier_physically_calibrated,log_34_2026-4-16-19-13-30,70.07,70.57,51
0.05544204378468072,0.31678446275523614,9.158316549448712,0.9590611149281703,0.09487073649615464,0.7201082802715423,20.162411605416253,1.8414861284795512,False,0.5,34,nn_effective_wrench,log_34_2026-4-16-19-13-30,70.07,70.57,51
0.06284686605052403,0.2120189388513522,4.760321213231732,0.481963479545718,0.12124185787430587,0.29196959256314475,9.833910691003318,0.5005658640200062,False,0.5,35,label_oracle,log_34_2026-4-16-19-13-30,85.06,85.56,51
0.0017552863013592136,0.07023728843596,64.02351520634132,122.84571258278106,,,,,True,0.5,35,delaurier_uncalibrated,log_34_2026-4-16-19-13-30,85.06,85.56,51
0.2651258369044052,1.313399677365851,16.436520732573978,1.1420231404658983,0.5519362045231211,1.7472610517991531,26.826116461222373,0.7381786943142096,False,0.5,35,delaurier_gain_calibrated,log_34_2026-4-16-19-13-30,85.06,85.56,51
0.002653371556343845,0.15993036198245877,91.32328477646689,104.28516684668408,,,,,True,0.5,35,delaurier_physically_calibrated,log_34_2026-4-16-19-13-30,85.06,85.56,51
0.07645174118346633,0.28295564146639046,9.309990192535615,0.7814328815611546,0.14465448243149162,0.44995322704261975,18.580766559129447,1.5674306348314444,False,0.5,35,nn_effective_wrench,log_34_2026-4-16-19-13-30,85.06,85.56,51
0.03141572513985953,0.16129582184518135,3.6852968560739336,0.3652311359318152,0.061453678586528886,0.2913904080581151,5.664079385613226,0.1996093539354073,False,0.5,36,label_oracle,log_34_2026-4-16-19-13-30,100.03999999999999,100.53999999999999,51
0.001225872202069902,0.08830024400967136,21.63956620060577,75.51472244533285,,,,,True,0.5,36,delaurier_uncalibrated,log_34_2026-4-16-19-13-30,100.03999999999999,100.53999999999999,51
0.08754141446130441,0.6566199717473377,9.880273888174164,0.8369914612368363,0.19645271752214075,1.569749143311166,16.444807142068896,0.057834543294277944,False,0.5,36,delaurier_gain_calibrated,log_34_2026-4-16-19-13-30,100.03999999999999,100.53999999999999,51
0.006174597183004607,0.2860302786500519,64.96186713048645,88.59110595248161,,,,,True,0.5,36,delaurier_physically_calibrated,log_34_2026-4-16-19-13-30,100.03999999999999,100.53999999999999,51
0.068958815437601,0.2866653136755855,9.897132913115657,0.803485117121773,0.14053343161464737,0.7137803941638728,19.62207491527504,1.0182801012231981,False,0.5,36,nn_effective_wrench,log_34_2026-4-16-19-13-30,100.03999999999999,100.53999999999999,51
0.06600242788940912,0.315606326141963,8.772760261914094,0.6303162442061102,0.13493628998785795,0.5192303117829082,15.694579817766181,0.6344405854794277,False,0.5,37,label_oracle,log_34_2026-4-16-19-13-30,117.57,118.07,51
0.0010968052812824142,0.03590647104227022,26.655255360705073,92.92566647909821,,,,,True,0.5,37,delaurier_uncalibrated,log_34_2026-4-16-19-13-30,117.57,118.07,51
0.2724943372095604,1.227798737228167,5.4571744519235335,0.8332846740648384,0.537615345357424,1.4230834606470064,11.550300515511111,1.4499293613722908,False,0.5,37,delaurier_gain_calibrated,log_34_2026-4-16-19-13-30,117.57,118.07,51
0.007445433318569283,0.24339125571855977,88.66454486770944,118.44376532634848,,,,,True,0.5,37,delaurier_physically_calibrated,log_34_2026-4-16-19-13-30,117.57,118.07,51
0.06990285885942098,0.5534799914612274,19.204973148815274,1.513990332026307,0.16441303662736026,0.9622678773758973,38.89711661804976,2.7204300975552003,False,0.5,37,nn_effective_wrench,log_34_2026-4-16-19-13-30,117.57,118.07,51
0.050577352771239384,0.20097865130467005,4.583292291104205,0.4353283523307096,0.09181842708580454,0.2806954650996026,6.856238716592457,0.3671718101386229,False,0.5,38,label_oracle,log_34_2026-4-16-19-13-30,132.54999999999998,133.04999999999998,51
0.02475687597673908,0.7591954121039575,95.10732845685732,120.07336443777606,,,,,True,0.5,38,delaurier_uncalibrated,log_34_2026-4-16-19-13-30,132.54999999999998,133.04999999999998,51
0.2573636960792,1.4952633415597174,21.007037696211068,1.6542701718683215,0.5632318976077522,1.9495962548810382,40.049987268957814,2.270153742547192,False,0.5,38,delaurier_gain_calibrated,log_34_2026-4-16-19-13-30,132.54999999999998,133.04999999999998,51
0.07442653846492193,1.0798526668238242,110.68830469801003,125.53638313116053,,,,,True,0.5,38,delaurier_physically_calibrated,log_34_2026-4-16-19-13-30,132.54999999999998,133.04999999999998,51
0.07989272626240371,0.45753610331270955,14.0650655078953,1.0301137971976801,0.17974886621602168,0.7840464151146278,26.008665069229636,1.3473201808303514,False,0.5,38,nn_effective_wrench,log_34_2026-4-16-19-13-30,132.54999999999998,133.04999999999998,51
0.041394176615580223,0.10147874385574901,2.7503547886015958,0.2861170065188563,0.05957716017739418,0.19813890565970058,5.032685154969945,0.2746115650775828,False,0.5,39,label_oracle,log_34_2026-4-16-19-13-30,147.54,148.04,51
0.0021824082406583507,0.154594320068144,64.80650239890183,122.61564644242155,,,,,True,0.5,39,delaurier_uncalibrated,log_34_2026-4-16-19-13-30,147.54,148.04,51
0.2829592488334922,1.2702605945418237,6.627981886899844,0.7559675848202269,0.5607461611502301,1.9117228410824307,10.826069372481962,0.5677226392284911,False,0.5,39,delaurier_gain_calibrated,log_34_2026-4-16-19-13-30,147.54,148.04,51
0.010491410540631685,0.30927042223858825,92.33713679904447,114.26302392013258,,,,,True,0.5,39,delaurier_physically_calibrated,log_34_2026-4-16-19-13-30,147.54,148.04,51
0.07895823288483454,0.28714988176368417,9.269970531329868,0.8248970379250192,0.14036655950319926,0.5513970096207276,18.583454725358955,0.9381225675586398,False,0.5,39,nn_effective_wrench,log_34_2026-4-16-19-13-30,147.54,148.04,51
0.5740453285155112,1.0802116298106879,16.734488932901883,0.8256210293220969,1.1491431650350143,2.3840097547782007,31.92023615800913,1.096150838593762,False,1.0,0,label_oracle,log_4_2026-4-12-17-43-30,11.77,12.77,101
0.026563912382177618,0.8742620163433555,96.1798012089359,97.68348643096745,,,,,True,1.0,0,delaurier_uncalibrated,log_4_2026-4-12-17-43-30,11.77,12.77,101
1.0133963937742132,3.5840070829237725,49.78058889641949,2.4302375932775466,2.489882860421677,6.6013884403514895,105.68349840705571,4.6181059333311625,False,1.0,0,delaurier_gain_calibrated,log_4_2026-4-12-17-43-30,11.77,12.77,101
0.03116657101571234,0.9132915235738667,94.53697411231276,102.10411805594799,,,,,True,1.0,0,delaurier_physically_calibrated,log_4_2026-4-12-17-43-30,11.77,12.77,101
0.42942572418830577,1.5820976509410265,29.498068504164426,1.5833664182055345,0.9300430462738851,3.682490530043829,69.0637623516121,3.0671325513190975,False,1.0,0,nn_effective_wrench,log_4_2026-4-12-17-43-30,11.77,12.77,101
0.34719323054246903,1.0561140301576961,14.197794223060678,0.7068999979478731,0.8008255252247178,2.1076932589159494,24.111974287795356,1.0081114688411297,False,1.0,1,label_oracle,log_4_2026-4-12-17-43-30,26.7,27.7,101
0.006673694324509824,0.6034396595149197,81.83420820801386,104.35758196763116,,,,,True,1.0,1,delaurier_uncalibrated,log_4_2026-4-12-17-43-30,26.7,27.7,101
1.4452235266401445,4.133846639869382,22.345477344954098,1.2928001276206078,3.2387358777049355,6.827844519197537,46.05660958560989,2.1311629391019538,False,1.0,1,delaurier_gain_calibrated,log_4_2026-4-12-17-43-30,26.7,27.7,101
0.03360936787377732,1.0200040548482732,85.23284800542339,109.66271351301496,,,,,True,1.0,1,delaurier_physically_calibrated,log_4_2026-4-12-17-43-30,26.7,27.7,101
0.49517181231249935,1.6464005751484523,38.10509797887609,2.5060955436699794,1.216676737489546,3.7054434490302017,100.41982623186169,5.818014782018106,False,1.0,1,nn_effective_wrench,log_4_2026-4-12-17-43-30,26.7,27.7,101
0.44850057839615914,1.0918153852305106,16.65019900785752,0.7429927719117961,1.0004618343785674,2.3268704653148733,30.03654077142814,0.5021275889513055,False,1.0,2,label_oracle,log_4_2026-4-12-17-43-30,41.629999999999995,42.629999999999995,101
0.01192342311277024,0.2450999414404194,93.27587673360642,118.0182786477672,,,,,True,1.0,2,delaurier_uncalibrated,log_4_2026-4-12-17-43-30,41.629999999999995,42.629999999999995,101
0.7994720191554332,2.893277479155315,20.848750181076348,1.141998983829913,1.9433710057117826,5.2384352722346215,41.359863348755404,1.5303028072337304,False,1.0,2,delaurier_gain_calibrated,log_4_2026-4-12-17-43-30,41.629999999999995,42.629999999999995,101
0.017424895326674163,0.20599824372859737,90.5799587638549,112.07917597384973,,,,,True,1.0,2,delaurier_physically_calibrated,log_4_2026-4-12-17-43-30,41.629999999999995,42.629999999999995,101
0.8785156136063768,3.6222947491499307,89.01328376109298,3.8794378470308915,2.2449757507950947,8.049673999188027,172.48853951899125,6.146161850059144,False,1.0,2,nn_effective_wrench,log_4_2026-4-12-17-43-30,41.629999999999995,42.629999999999995,101
0.33368248533499406,0.9351610743482237,18.3352749470428,0.9305332902318633,0.7707696580189823,1.9132957087729352,30.90432919412191,0.6845317106846316,False,1.0,3,label_oracle,log_4_2026-4-12-17-43-30,60.099999999999994,61.099999999999994,101
0.004607991662560559,0.09708855501537995,74.19172541160829,96.35351728584838,,,,,True,1.0,3,delaurier_uncalibrated,log_4_2026-4-12-17-43-30,60.099999999999994,61.099999999999994,101
1.0899931078518341,3.687464473151679,96.84883064821743,3.696875168252225,2.6892123167267123,7.085368194842353,167.24376412498063,5.858904597221832,False,1.0,3,delaurier_gain_calibrated,log_4_2026-4-12-17-43-30,60.099999999999994,61.099999999999994,101
0.007811702368402747,0.10455944486037702,85.45088548784052,110.42234084677798,,,,,True,1.0,3,delaurier_physically_calibrated,log_4_2026-4-12-17-43-30,60.099999999999994,61.099999999999994,101
0.32989672417550947,1.7844271520752886,53.502337797729865,2.7274832232277806,0.9208694040133218,4.3810231525222605,117.62295035011549,2.85753672951611,False,1.0,3,nn_effective_wrench,log_4_2026-4-12-17-43-30,60.099999999999994,61.099999999999994,101
0.18269032777897792,0.5089879636043827,7.754819964964608,0.4631332550863822,0.387917798799608,1.055434068436381,12.173875059161308,0.53311981195667,False,1.0,4,label_oracle,log_4_2026-4-12-17-43-30,76.31,77.31,101
0.0025475172618888756,0.14601385924430552,18.8672041129143,65.68826014292507,,,,,True,1.0,4,delaurier_uncalibrated,log_4_2026-4-12-17-43-30,76.31,77.31,101
0.7170031934083171,2.3928345372215207,29.991138173559875,1.7497839580363035,1.7330503801350954,4.267810331917746,65.44084943141665,2.9475911562243002,False,1.0,4,delaurier_gain_calibrated,log_4_2026-4-12-17-43-30,76.31,77.31,101
0.009770427377829302,0.23882060704454475,91.14761550498208,101.8332733598453,,,,,True,1.0,4,delaurier_physically_calibrated,log_4_2026-4-12-17-43-30,76.31,77.31,101
0.9919726526735426,4.1088928832008556,93.18925176772639,5.605351021849884,2.673568568780282,8.254863243949108,92.34800946533596,9.527341517560059,False,1.0,4,nn_effective_wrench,log_4_2026-4-12-17-43-30,76.31,77.31,101
0.3856572218291233,1.2065642540686266,17.78554408593287,0.7429064160574278,0.9284237746824986,2.586788479033025,30.16548790364904,0.36355803378945895,False,1.0,5,label_oracle,log_4_2026-4-12-17-43-30,91.24,92.24,101
0.0038345509709078306,0.23410643391797492,64.42530655783058,122.78994736034774,,,,,True,1.0,5,delaurier_uncalibrated,log_4_2026-4-12-17-43-30,91.24,92.24,101
1.0934440994632397,3.268384890946787,47.020234506040936,2.4514733251371075,2.5819287270687656,6.4051790157401225,107.07122539911535,3.583842756021611,False,1.0,5,delaurier_gain_calibrated,log_4_2026-4-12-17-43-30,91.24,92.24,101
0.009670892312901903,0.4026195823805182,87.14713907777208,92.89395274826423,,,,,True,1.0,5,delaurier_physically_calibrated,log_4_2026-4-12-17-43-30,91.24,92.24,101
0.7675956946227931,2.7840072674060554,50.19575321043093,1.9155199733746775,1.9998084184759086,6.243342258122982,93.50011285625533,1.8824134735019311,False,1.0,5,nn_effective_wrench,log_4_2026-4-12-17-43-30,91.24,92.24,101
0.2719458950717426,1.0458895285293301,16.611792525327957,0.7204480130005165,0.7330124577716499,2.3727213476760456,29.602439153136416,0.7454494031167155,False,1.0,6,label_oracle,log_4_2026-4-12-17-43-30,106.17,107.17,101
0.001611448646514634,0.17447337988319636,20.264516175256233,70.69662570100223,,,,,True,1.0,6,delaurier_uncalibrated,log_4_2026-4-12-17-43-30,106.17,107.17,101
0.7316293959590966,2.5184773858226164,29.75796858154034,1.2929719991702027,1.8682014000043698,5.06572497020318,48.71512716387136,1.1250636086095884,False,1.0,6,delaurier_gain_calibrated,log_4_2026-4-12-17-43-30,106.17,107.17,101
0.015109221018739724,0.40574213494386696,87.61333093390266,97.17974514270102,,,,,True,1.0,6,delaurier_physically_calibrated,log_4_2026-4-12-17-43-30,106.17,107.17,101
0.4295372527368863,1.8350417234138645,31.22417577119331,1.5002051417906164,1.190499286919332,4.409040018550063,67.8532540677181,2.6300851345256535,False,1.0,6,nn_effective_wrench,log_4_2026-4-12-17-43-30,106.17,107.17,101
0.16740496816304726,0.3067038718360093,7.074458655574608,0.5600042834107182,0.301457574689004,0.6482551957020599,11.97701475039784,0.2890781964422215,False,1.0,7,label_oracle,log_4_2026-4-12-17-43-30,123.64,124.64,101
0.004768805724457695,0.20960659447906907,53.62113167085814,104.17902202976029,,,,,True,1.0,7,delaurier_uncalibrated,log_4_2026-4-12-17-43-30,123.64,124.64,101
1.0106960433940253,3.290374175238107,39.45726180502325,1.5788344428682621,2.471035891644741,6.7652410454548555,68.04140544865903,0.45385085311391155,False,1.0,7,delaurier_gain_calibrated,log_4_2026-4-12-17-43-30,123.64,124.64,101
0.011562506600084477,0.21385487444861842,85.76975873281636,95.04321502197568,,,,,True,1.0,7,delaurier_physically_calibrated,log_4_2026-4-12-17-43-30,123.64,124.64,101
0.37975131626558745,1.4234859259158357,22.616387928368074,0.9666213280537858,1.0030851225313893,3.366742406097886,36.99296650513417,1.0697420773387607,False,1.0,7,nn_effective_wrench,log_4_2026-4-12-17-43-30,123.64,124.64,101
0.38854716249431476,1.316191685108685,20.279609588290274,0.7615126914547893,0.9454481615353664,3.2230513315738705,34.85208271770522,1.041346205162824,False,1.0,8,label_oracle,log_4_2026-4-12-17-43-30,138.57999999999998,139.57999999999998,101
0.004223411321631992,0.14909085212933845,50.39741619766247,95.78737373397237,,,,,True,1.0,8,delaurier_uncalibrated,log_4_2026-4-12-17-43-30,138.57999999999998,139.57999999999998,101
1.1711359563691341,3.241064522257891,19.061287995994277,1.1096307771627119,2.6308545928133142,6.270933230302748,32.26815322268026,0.9351607785737378,False,1.0,8,delaurier_gain_calibrated,log_4_2026-4-12-17-43-30,138.57999999999998,139.57999999999998,101
0.009194952577732791,0.3076362803422962,83.41165350838847,102.68604561067924,,,,,True,1.0,8,delaurier_physically_calibrated,log_4_2026-4-12-17-43-30,138.57999999999998,139.57999999999998,101
0.4744922118994946,2.0793404523812566,49.76491600062187,2.5101924449165964,1.2580224803782325,6.152974718132232,114.01524900241137,3.2808793782178967,False,1.0,8,nn_effective_wrench,log_4_2026-4-12-17-43-30,138.57999999999998,139.57999999999998,101
0.22632929820405392,0.7055039902466123,11.831932730218995,0.6741088128831871,0.5660349951214525,1.40806303748966,20.487006864918126,0.41018979724187443,False,1.0,9,label_oracle,log_4_2026-4-12-17-43-30,153.51,154.51,101
0.009527643345690954,0.3205639470356002,83.33874386118394,91.83238555014644,,,,,True,1.0,9,delaurier_uncalibrated,log_4_2026-4-12-17-43-30,153.51,154.51,101
0.8464137072502691,2.956788587315881,55.61709741927348,2.2805783178496974,2.1421057874424267,5.571431447703213,112.70176971001385,4.423035780438629,False,1.0,9,delaurier_gain_calibrated,log_4_2026-4-12-17-43-30,153.51,154.51,101
0.023457089348482053,0.3522384138361412,88.63185785118424,93.16872759293332,,,,,True,1.0,9,delaurier_physically_calibrated,log_4_2026-4-12-17-43-30,153.51,154.51,101
0.2608279341953596,0.5923167373276088,8.542756358821908,0.7937065769606712,0.5758954228294105,1.0607987490020954,16.125008329536342,1.0742017052060584,False,1.0,9,nn_effective_wrench,log_4_2026-4-12-17-43-30,153.51,154.51,101
0.33183232550602176,1.1737850579224176,15.691305771531908,0.6160428652201879,0.8379808533776563,2.3897853765536534,26.344495139979323,0.5050209408677326,False,1.0,10,label_oracle,log_4_2026-4-12-17-43-30,168.44,169.44,101
0.014520640340996682,0.5217826084947826,91.61037247203807,109.35488410549262,,,,,True,1.0,10,delaurier_uncalibrated,log_4_2026-4-12-17-43-30,168.44,169.44,101
1.4940581343344794,4.681583252811809,73.71954154097536,2.7379845270557297,3.624252318852727,9.345818165204843,142.7414321380411,4.234569454597683,False,1.0,10,delaurier_gain_calibrated,log_4_2026-4-12-17-43-30,168.44,169.44,101
0.022160136355146836,0.7311489243410052,92.83459129884848,83.30757452800768,,,,,True,1.0,10,delaurier_physically_calibrated,log_4_2026-4-12-17-43-30,168.44,169.44,101
0.5123520577238353,2.439131161172361,50.57244660345426,2.6066312538371914,1.4996668592385543,5.551794348553452,114.307117264651,4.388397080996491,False,1.0,10,nn_effective_wrench,log_4_2026-4-12-17-43-30,168.44,169.44,101
0.113221129018871,0.3850134362576882,6.5247892214587155,0.49940725676764286,0.2955314870188704,0.9209552843530543,9.667357326225437,0.3853436642467465,False,1.0,11,label_oracle,log_4_2026-4-12-17-43-30,183.38,184.38,101
0.009362348929966827,0.4230873576251529,77.83604974506586,102.24191585865609,,,,,True,1.0,11,delaurier_uncalibrated,log_4_2026-4-12-17-43-30,183.38,184.38,101
1.218685896566034,3.2065249461814855,21.993276826798983,1.3028685372191566,2.6628110757135715,5.87374522060902,18.817802342578958,1.403080069061903,False,1.0,11,delaurier_gain_calibrated,log_4_2026-4-12-17-43-30,183.38,184.38,101
0.009719718892752542,0.25327600699606495,90.01816155602968,96.30725706379684,,,,,True,1.0,11,delaurier_physically_calibrated,log_4_2026-4-12-17-43-30,183.38,184.38,101
0.26779285204320724,0.7798363525106488,19.441318971891526,1.6330038983490058,0.619167988060646,1.9458373505212208,51.68694337600386,2.594406766540913,False,1.0,11,nn_effective_wrench,log_4_2026-4-12-17-43-30,183.38,184.38,101
0.6213924193429771,2.163204388668278,29.974126286832274,1.0123795091989545,1.5678866788149106,5.127999034851245,49.82642442423918,1.3704796985789096,False,1.0,12,label_oracle,log_4_2026-4-14-12-30-12,20.24,21.24,101
0.002096784852683656,0.14647938057691345,45.315344654485244,85.60775962895393,,,,,True,1.0,12,delaurier_uncalibrated,log_4_2026-4-14-12-30-12,20.24,21.24,101
1.2002042279124083,3.7860516238200934,50.8825834766106,2.1232876282639435,2.847690190029475,7.996363398696536,101.3458068642298,3.0241436768396475,False,1.0,12,delaurier_gain_calibrated,log_4_2026-4-14-12-30-12,20.24,21.24,101
0.01688604757359132,0.6027701743921614,84.82327422951349,111.55279520489684,,,,,True,1.0,12,delaurier_physically_calibrated,log_4_2026-4-14-12-30-12,20.24,21.24,101
0.8983114987344429,3.6116721465509336,71.049532781512,3.095480118304268,2.4029276025162805,9.249822292118605,151.90624064726782,5.0469827026968925,False,1.0,12,nn_effective_wrench,log_4_2026-4-14-12-30-12,20.24,21.24,101
0.3511230350534483,0.8606868830979543,12.179470473695249,0.643404065309999,0.8076297890063074,2.121131957181783,22.298022435660457,0.6867864871608007,False,1.0,13,label_oracle,log_4_2026-4-14-12-30-12,35.17,36.17,101
0.0029576590922577068,0.10319534143218138,45.11559658604529,86.86988100348431,,,,,True,1.0,13,delaurier_uncalibrated,log_4_2026-4-14-12-30-12,35.17,36.17,101
1.4812556555704353,3.854101117898706,27.05467413514698,1.1850787248406318,3.206260770884388,7.274013809289033,46.832290128910685,1.657096388744885,False,1.0,13,delaurier_gain_calibrated,log_4_2026-4-14-12-30-12,35.17,36.17,101
0.010589629504863468,0.6255942086448253,81.98965752660585,105.6492073351796,,,,,True,1.0,13,delaurier_physically_calibrated,log_4_2026-4-14-12-30-12,35.17,36.17,101
0.46770811691986813,2.2500243878411257,59.48574575421222,2.4041444863855173,1.2866753186883897,6.002175762142239,121.00280657627947,3.2520517935165674,False,1.0,13,nn_effective_wrench,log_4_2026-4-14-12-30-12,35.17,36.17,101
0.18380486436943075,0.35588400556231115,5.377773519539371,0.5281590156727666,0.3889954553057859,0.7595390325036447,10.251981597091605,0.9039111467738199,False,1.0,14,label_oracle,log_4_2026-4-14-12-30-12,51.37,52.37,101
0.0032558373593834155,0.1876168966985918,53.4110492309747,102.37839155526494,,,,,True,1.0,14,delaurier_uncalibrated,log_4_2026-4-14-12-30-12,51.37,52.37,101
1.121710991581314,3.2163678305246024,41.577697193675164,1.6114584195526573,2.5753282503524355,6.3374835975097215,74.21901787838603,1.7441151988744479,False,1.0,14,delaurier_gain_calibrated,log_4_2026-4-14-12-30-12,51.37,52.37,101
0.012140492214669627,0.2655772255742637,87.78716453621576,98.26096159650142,,,,,True,1.0,14,delaurier_physically_calibrated,log_4_2026-4-14-12-30-12,51.37,52.37,101
0.15070764045754478,1.0971805182402101,24.799888843354527,1.2791348748227702,0.48973096153677476,3.0685209586881177,55.03062821178928,0.8781077935591988,False,1.0,14,nn_effective_wrench,log_4_2026-4-14-12-30-12,51.37,52.37,101
0.19325530954238113,0.7910720066478912,14.293434472946412,0.6265208833122725,0.4648508857591834,1.9014424273856605,24.507300686176272,0.6866684182537687,False,1.0,15,label_oracle,log_4_2026-4-14-12-30-12,66.31,67.31,101
0.0028894881912101458,0.0778677563495096,21.301632937359347,74.18517247663505,,,,,True,1.0,15,delaurier_uncalibrated,log_4_2026-4-14-12-30-12,66.31,67.31,101
0.5015532874237449,1.7721643261140625,7.7969432135591745,0.9294262676126449,1.2320807600076058,3.5689959120032184,15.85381671984783,0.9485030846656496,False,1.0,15,delaurier_gain_calibrated,log_4_2026-4-14-12-30-12,66.31,67.31,101
0.00919983820589552,0.1365301721173402,87.85620310112041,115.92230800452516,,,,,True,1.0,15,delaurier_physically_calibrated,log_4_2026-4-14-12-30-12,66.31,67.31,101
0.2325861591806543,1.0167651721840367,18.472228057064264,0.9995853486097719,0.6087342389730129,2.4417222780622216,37.76023855418027,1.6688853108531558,False,1.0,15,nn_effective_wrench,log_4_2026-4-14-12-30-12,66.31,67.31,101
0.2599946423791327,0.7351286127024922,13.353736392867644,0.5624266187653064,0.571916319334512,1.6347171449378592,24.921117907807982,0.5564219090035779,False,1.0,16,label_oracle,log_4_2026-4-14-12-30-12,81.24,82.24,101
0.002482767067767899,0.32804493562978243,93.47578316505962,102.0852496348171,,,,,True,1.0,16,delaurier_uncalibrated,log_4_2026-4-14-12-30-12,81.24,82.24,101
1.7148528711089972,4.386643212702922,19.447226278585852,1.0518459542419694,3.7266901963645673,7.230584546873649,30.087082445027818,0.5358221724384675,False,1.0,16,delaurier_gain_calibrated,log_4_2026-4-14-12-30-12,81.24,82.24,101
0.017658476861855985,0.5634485975901448,83.86470019533462,89.12321803943307,,,,,True,1.0,16,delaurier_physically_calibrated,log_4_2026-4-14-12-30-12,81.24,82.24,101
0.1310584001499939,0.5751329856027758,12.710922586904022,0.9204846260469401,0.3538401078934438,1.2995364483767167,30.632385700047273,1.2647963232509487,False,1.0,16,nn_effective_wrench,log_4_2026-4-14-12-30-12,81.24,82.24,101
0.27651814499615696,0.9190626429989731,14.60140804759443,0.6930531565437642,0.7004670592799839,1.8228166722873296,25.366524294001067,0.8189538071717227,False,1.0,17,label_oracle,log_4_2026-4-14-12-30-12,96.17,97.17,101
0.0022497004604961775,0.10156072537903728,29.24276413541321,102.35495905656965,,,,,True,1.0,17,delaurier_uncalibrated,log_4_2026-4-14-12-30-12,96.17,97.17,101
0.3967123826820261,1.4831978377839372,16.916955897812134,1.0982099026512682,1.0120165888893684,2.513264326068567,28.422862602723335,1.599037191690531,False,1.0,17,delaurier_gain_calibrated,log_4_2026-4-14-12-30-12,96.17,97.17,101
0.006746767359383674,0.200549678771962,91.34681587550904,121.69066882071989,,,,,True,1.0,17,delaurier_physically_calibrated,log_4_2026-4-14-12-30-12,96.17,97.17,101
0.8098056946455082,3.391629517467609,78.93782692806666,3.42653318533193,2.2541433447596892,6.939605242862086,168.6367566037704,5.504159651912985,False,1.0,17,nn_effective_wrench,log_4_2026-4-14-12-30-12,96.17,97.17,101
0.3257176783700786,1.0926736166798352,17.15698722104015,0.6371740126478048,0.8208673389523236,2.3464336496505807,30.285837864430224,0.3574227283462568,False,1.0,18,label_oracle,log_4_2026-4-14-12-30-12,111.11,112.11,101
0.004012909272559083,0.18351761326606916,51.351596755194926,96.64669251760063,,,,,True,1.0,18,delaurier_uncalibrated,log_4_2026-4-14-12-30-12,111.11,112.11,101
1.2495138446971021,3.533169249574791,21.96327597415813,1.034846039516889,2.8435048945308856,5.963479080316007,36.18171630775052,0.6050426980625829,False,1.0,18,delaurier_gain_calibrated,log_4_2026-4-14-12-30-12,111.11,112.11,101
0.008029959520083018,0.09783289507188274,94.53735391282831,110.44834127255396,,,,,True,1.0,18,delaurier_physically_calibrated,log_4_2026-4-14-12-30-12,111.11,112.11,101
0.20679854243106632,0.9848523314555049,23.845515376739236,1.3130821900796075,0.5610673910128212,2.4842788978063224,55.17361033181451,2.6472406462778224,False,1.0,18,nn_effective_wrench,log_4_2026-4-14-12-30-12,111.11,112.11,101
0.3378856862895145,1.1772660910407455,23.813858307083386,0.8077429089216829,0.8749335718495324,2.3459294400154325,39.75079506750249,0.7960008402012579,False,1.0,19,label_oracle,log_4_2026-4-14-12-30-12,126.03999999999999,127.03999999999999,101
0.004300859173639587,0.08837686469360186,89.04174422098771,114.53924206672998,,,,,True,1.0,19,delaurier_uncalibrated,log_4_2026-4-14-12-30-12,126.03999999999999,127.03999999999999,101
1.250798175320054,3.3377832112297234,33.92924193102072,1.357997294011625,2.7645890136291666,5.298280845294691,51.87018055952336,1.4841372547792084,False,1.0,19,delaurier_gain_calibrated,log_4_2026-4-14-12-30-12,126.03999999999999,127.03999999999999,101
0.007469047467611369,0.2151199700232497,91.8335657426745,96.77463532588611,,,,,True,1.0,19,delaurier_physically_calibrated,log_4_2026-4-14-12-30-12,126.03999999999999,127.03999999999999,101
0.18697801678643608,0.5835452077771461,16.714624404760066,0.793314490454024,0.4378500009565381,1.1731132284875365,27.326947630030656,0.5138473668189217,False,1.0,19,nn_effective_wrench,log_4_2026-4-14-12-30-12,126.03999999999999,127.03999999999999,101
0.6054335141586661,2.0760364948092547,30.624437796115874,1.0217450424245758,1.5559524875621675,4.632032133603421,53.70606321666137,0.910281730588318,False,1.0,20,label_oracle,log_4_2026-4-14-12-30-12,142.23999999999998,143.23999999999998,101
0.0022444587220844083,0.12744302159008986,47.857475101894636,92.17047984440246,,,,,True,1.0,20,delaurier_uncalibrated,log_4_2026-4-14-12-30-12,142.23999999999998,143.23999999999998,101
1.1900497422744063,3.643840488504456,57.857488308663676,1.8701478977369972,2.885475568479949,7.338737981348844,93.83272190447263,1.4597498366702955,False,1.0,20,delaurier_gain_calibrated,log_4_2026-4-14-12-30-12,142.23999999999998,143.23999999999998,101
0.009848945505970772,0.34773919952337107,89.48613405345363,112.5114843335228,,,,,True,1.0,20,delaurier_physically_calibrated,log_4_2026-4-14-12-30-12,142.23999999999998,143.23999999999998,101
0.7774916962211842,2.766591206926885,42.66884079649394,1.3150655715231807,2.0156578248002415,6.1126045001313605,68.74732382440384,0.7963333156785573,False,1.0,20,nn_effective_wrench,log_4_2026-4-14-12-30-12,142.23999999999998,143.23999999999998,101
0.2961758780941475,0.7919292174833718,12.102840330050636,0.5698534439260095,0.6861120873108529,1.5594804237500979,20.027038701413947,0.5645717333526129,False,1.0,21,label_oracle,log_18_2026-4-15-12-56-08,15.78,16.779999999999998,101
0.004956160438403719,0.22573699063547045,49.55626737686235,94.00142545166553,,,,,True,1.0,21,delaurier_uncalibrated,log_18_2026-4-15-12-56-08,15.78,16.779999999999998,101
0.4791306018881992,1.5884556427991376,16.21964187869137,0.9694236978845688,1.095613118597972,2.7643899828624012,33.96158168828011,1.9355230511453132,False,1.0,21,delaurier_gain_calibrated,log_18_2026-4-15-12-56-08,15.78,16.779999999999998,101
0.004841529391402694,0.18564340881648883,93.28541897278156,100.64935025879261,,,,,True,1.0,21,delaurier_physically_calibrated,log_18_2026-4-15-12-56-08,15.78,16.779999999999998,101
0.3207355687857974,1.394857062579878,35.054390331507186,2.048045970776365,0.9105660155072567,3.180033065622045,84.6787471442146,3.6151842929969167,False,1.0,21,nn_effective_wrench,log_18_2026-4-15-12-56-08,15.78,16.779999999999998,101
0.5663183557324254,1.6001705792961263,22.92356602569091,0.9155168206337679,1.3344955551749063,3.358777329368462,42.7404316826883,1.3096034920258506,False,1.0,22,label_oracle,log_18_2026-4-15-12-56-08,30.72,31.72,101
0.001956959915100811,0.12628443886242094,22.074860862279067,77.25841778430234,,,,,True,1.0,22,delaurier_uncalibrated,log_18_2026-4-15-12-56-08,30.72,31.72,101
0.49225695623872107,1.8927535088960452,19.628170747620906,1.2531591967131623,1.2135291134243054,3.207704602230496,45.3837779081042,1.7623356493168807,False,1.0,22,delaurier_gain_calibrated,log_18_2026-4-15-12-56-08,30.72,31.72,101
0.005157376647422772,0.1513263769653335,80.29290981865852,106.73861193071838,,,,,True,1.0,22,delaurier_physically_calibrated,log_18_2026-4-15-12-56-08,30.72,31.72,101
0.504007519176015,1.8828613059951445,39.677734122484615,1.8642160048422796,1.3188944128791633,4.642448478291343,87.55512583505946,2.9988513927139575,False,1.0,22,nn_effective_wrench,log_18_2026-4-15-12-56-08,30.72,31.72,101
0.10073443588771673,0.1786889565667463,6.494709596834436,0.5044735602672026,0.17422691299422927,0.30095066362682266,11.489776007857703,0.28461859145797586,False,1.0,23,label_oracle,log_18_2026-4-15-12-56-08,46.919999999999995,47.919999999999995,101
0.001726179377312397,0.07295836451811451,21.496036275739627,75.14386133136561,,,,,True,1.0,23,delaurier_uncalibrated,log_18_2026-4-15-12-56-08,46.919999999999995,47.919999999999995,101
0.714491701447952,2.3523429900547668,21.20643716260239,1.0317527302685765,1.7369712730523874,4.7621938465268885,36.13753616809088,0.23552313363787636,False,1.0,23,delaurier_gain_calibrated,log_18_2026-4-15-12-56-08,46.919999999999995,47.919999999999995,101
0.010305094234163016,0.3132727788516458,91.14899662272965,109.29432968920791,,,,,True,1.0,23,delaurier_physically_calibrated,log_18_2026-4-15-12-56-08,46.919999999999995,47.919999999999995,101
0.33175470243868527,1.396181029865191,29.159307221042013,1.4117858743858287,0.9380812490090403,3.924708944745433,62.8700115862948,2.4531581365039647,False,1.0,23,nn_effective_wrench,log_18_2026-4-15-12-56-08,46.919999999999995,47.919999999999995,101
0.281584645506306,0.8557160361493369,11.820278399833303,0.5322381776684707,0.6883241425296092,2.0209800172838936,19.539118535454836,0.7155590801812954,False,1.0,24,label_oracle,log_18_2026-4-15-12-56-08,61.849999999999994,62.849999999999994,101
0.00400546248098742,0.17198044080964148,55.25498091369523,106.34689809024091,,,,,True,1.0,24,delaurier_uncalibrated,log_18_2026-4-15-12-56-08,61.849999999999994,62.849999999999994,101
1.0462980965189703,3.268700940388485,37.80926436349551,1.408148452172818,2.50932831886893,6.7359941568223585,66.00055800980087,1.4868477862260232,False,1.0,24,delaurier_gain_calibrated,log_18_2026-4-15-12-56-08,61.849999999999994,62.849999999999994,101
0.015378294864921658,0.4526519749090793,88.66475665511835,108.05413632511748,,,,,True,1.0,24,delaurier_physically_calibrated,log_18_2026-4-15-12-56-08,61.849999999999994,62.849999999999994,101
0.41426831747315246,1.7898541038768054,36.54619985520486,1.6460135228088157,1.1750523970283984,5.1197046384883755,77.93917123311375,2.842903896434244,False,1.0,24,nn_effective_wrench,log_18_2026-4-15-12-56-08,61.849999999999994,62.849999999999994,101
0.20510245437682878,0.5652068129866358,7.175124707703989,0.4782468751749085,0.4606124004140565,1.2300216147909098,11.21660609599933,0.42393030697967904,False,1.0,25,label_oracle,log_18_2026-4-15-12-56-08,76.78999999999999,77.78999999999999,101
0.013476319532138074,0.42653125572285655,93.62351654225597,86.534615301741,,,,,True,1.0,25,delaurier_uncalibrated,log_18_2026-4-15-12-56-08,76.78999999999999,77.78999999999999,101
0.6177041906274848,1.9347983437131033,7.274873555605686,0.8446708158820377,1.4316039079046063,3.8778295411248784,13.488848740105134,0.975828646855127,False,1.0,25,delaurier_gain_calibrated,log_18_2026-4-15-12-56-08,76.78999999999999,77.78999999999999,101
0.010218923522077598,0.4077275747745047,92.76139239101097,97.13024579203905,,,,,True,1.0,25,delaurier_physically_calibrated,log_18_2026-4-15-12-56-08,76.78999999999999,77.78999999999999,101
0.21604724990102128,0.9044246353411757,18.28592439186467,0.9530833229327317,0.5726160705056516,2.4911407338826517,38.12896696905222,1.5973421981771714,False,1.0,25,nn_effective_wrench,log_18_2026-4-15-12-56-08,76.78999999999999,77.78999999999999,101
0.19094343996004406,0.757270548711232,12.333571662182454,0.5200050228791102,0.5152821504115097,1.5575324824571062,21.019579283355895,0.9342460721016774,False,1.0,26,label_oracle,log_18_2026-4-15-12-56-08,91.72,92.72,101
0.0020775624844125333,0.09025472369955857,46.620952345529446,89.09863131525722,,,,,True,1.0,26,delaurier_uncalibrated,log_18_2026-4-15-12-56-08,91.72,92.72,101
0.9471189886700438,2.85910068465356,22.801498351084028,1.0066890502027466,2.232727494234604,4.9865435054375045,39.21287905199733,0.7549931762202651,False,1.0,26,delaurier_gain_calibrated,log_18_2026-4-15-12-56-08,91.72,92.72,101
0.011792842284046723,0.29334444226910406,90.49112201908251,113.26741060916387,,,,,True,1.0,26,delaurier_physically_calibrated,log_18_2026-4-15-12-56-08,91.72,92.72,101
0.24323321158636008,0.9728083501894057,23.706912751038928,1.1916981398071793,0.6663749926555113,2.2822102921891223,50.869851295191545,1.18685439040545,False,1.0,26,nn_effective_wrench,log_18_2026-4-15-12-56-08,91.72,92.72,101
0.19300537383448574,0.48608385703644474,6.480316264458042,0.483974677038751,0.40337201654292415,0.9598433667223432,11.793222147971756,0.10772357126322031,False,1.0,27,label_oracle,log_18_2026-4-15-12-56-08,106.64999999999999,107.64999999999999,101
0.005732439017874614,0.2934582032818535,89.38579283277612,93.6635918475381,,,,,True,1.0,27,delaurier_uncalibrated,log_18_2026-4-15-12-56-08,106.64999999999999,107.64999999999999,101
0.8056873788304545,2.666997027914299,27.735928402055603,1.110554300161123,1.961112485315869,5.399945078356898,44.0412085173032,0.17741960492222253,False,1.0,27,delaurier_gain_calibrated,log_18_2026-4-15-12-56-08,106.64999999999999,107.64999999999999,101
0.01687963915689393,0.48765957628724077,83.34982956695114,105.64718756181374,,,,,True,1.0,27,delaurier_physically_calibrated,log_18_2026-4-15-12-56-08,106.64999999999999,107.64999999999999,101
0.42324726086533887,1.6575556514773802,41.00403002963755,1.6104498492490207,1.1232165448042866,4.326658622359354,80.63719856576448,2.158914032674869,False,1.0,27,nn_effective_wrench,log_18_2026-4-15-12-56-08,106.64999999999999,107.64999999999999,101
0.47506902077305724,1.5736821077670997,20.334100111339833,0.7638251580367645,1.2214311182303648,3.1177870585162304,34.700762601197376,0.5786544280865091,False,1.0,28,label_oracle,log_18_2026-4-15-12-56-08,122.85,123.85,101
0.002229580201887222,0.03558974772589761,80.00476391846223,104.23375201798095,,,,,True,1.0,28,delaurier_uncalibrated,log_18_2026-4-15-12-56-08,122.85,123.85,101
1.425754725725172,3.948139070201642,45.43925159763287,1.6078717889144534,3.267456127943573,6.883612711036156,71.50249604958081,0.9372742756360875,False,1.0,28,delaurier_gain_calibrated,log_18_2026-4-15-12-56-08,122.85,123.85,101
0.003705735622525713,0.23591063246452063,86.11064476151131,107.27855101254691,,,,,True,1.0,28,delaurier_physically_calibrated,log_18_2026-4-15-12-56-08,122.85,123.85,101
0.6670547561751762,2.0138373052626135,29.704644727331416,1.9512748507864532,1.5992048939116388,3.475702136410377,46.05785471070018,3.5931376754120983,False,1.0,28,nn_effective_wrench,log_18_2026-4-15-12-56-08,122.85,123.85,101
0.11160694604886466,0.15458985166689676,2.5092348821925796,0.43887778975070624,0.19851095004684133,0.19493034202670398,5.824462126947113,0.37070097880912595,False,1.0,29,label_oracle,log_18_2026-4-15-12-56-08,137.79,138.79,101
0.0038486997222204134,0.19200033889270665,55.59524575551788,104.83989561864443,,,,,True,1.0,29,delaurier_uncalibrated,log_18_2026-4-15-12-56-08,137.79,138.79,101
0.9296015233148933,3.78932082295301,78.64509045053363,3.4143744188741443,2.5447013066867608,8.818994335421339,166.9539942505057,5.157927874426164,False,1.0,29,delaurier_gain_calibrated,log_18_2026-4-15-12-56-08,137.79,138.79,101
0.0058955417074482205,0.26618827318547555,91.84819520969448,95.96161660268643,,,,,True,1.0,29,delaurier_physically_calibrated,log_18_2026-4-15-12-56-08,137.79,138.79,101
0.23835564195927408,0.7779880228367066,18.91342221578503,0.9949872601018015,0.5457305450069613,2.0261423084113286,40.66235343597288,1.5383271970751402,False,1.0,29,nn_effective_wrench,log_18_2026-4-15-12-56-08,137.79,138.79,101
0.4230989844550967,1.587770573816195,24.48004104187669,0.9038992690945052,1.1048083198443186,3.45448280944913,44.96289432972271,0.9485116570249246,False,1.0,30,label_oracle,log_34_2026-4-16-19-13-30,8.83,9.83,101
0.006659277541164299,0.19573350870702827,49.74648972371841,95.32240178940049,,,,,True,1.0,30,delaurier_uncalibrated,log_34_2026-4-16-19-13-30,8.83,9.83,101
1.0226981052016897,2.916868308259313,30.479480679166198,1.2013819683327063,2.2498808816262303,5.077562761083147,53.40722103847737,1.851059955512875,False,1.0,30,delaurier_gain_calibrated,log_34_2026-4-16-19-13-30,8.83,9.83,101
0.023610470178112162,0.4519733608643441,88.48176656030462,95.76339079371182,,,,,True,1.0,30,delaurier_physically_calibrated,log_34_2026-4-16-19-13-30,8.83,9.83,101
0.4233389198062502,1.8135923886546228,38.89109987620958,1.673155230011728,1.1615572517775052,4.385438322742117,82.11960436892308,2.421595617085637,False,1.0,30,nn_effective_wrench,log_34_2026-4-16-19-13-30,8.83,9.83,101
0.10545772618700706,0.27610312461418335,3.472499486246435,0.45766851144935133,0.19729612563130494,0.5284442687554237,5.86955317975951,0.5623635248288688,False,1.0,31,label_oracle,log_34_2026-4-16-19-13-30,23.759999999999998,24.759999999999998,101
0.007246448206029641,0.2744954649055773,65.02146172121466,124.50191138082187,,,,,True,1.0,31,delaurier_uncalibrated,log_34_2026-4-16-19-13-30,23.759999999999998,24.759999999999998,101
0.8157542488145854,2.981064640314513,48.93403651887409,1.9332194253681025,2.010315465593346,6.227087465880908,96.20567352221703,2.572700509391788,False,1.0,31,delaurier_gain_calibrated,log_34_2026-4-16-19-13-30,23.759999999999998,24.759999999999998,101
0.012461079056429413,0.20418592488691825,88.11393331483781,124.18460851478382,,,,,True,1.0,31,delaurier_physically_calibrated,log_34_2026-4-16-19-13-30,23.759999999999998,24.759999999999998,101
0.28245459429666314,1.3835856717083392,29.382487668240337,1.4068089072618226,0.8360462398119471,3.807449988990346,65.01699826923195,1.9789689275456388,False,1.0,31,nn_effective_wrench,log_34_2026-4-16-19-13-30,23.759999999999998,24.759999999999998,101
0.18269099333503425,0.27654209063904445,6.637945348711951,0.44589278069857163,0.3714140891121895,0.43644789961721836,10.383801821464946,0.4857427966311316,False,1.0,32,label_oracle,log_34_2026-4-16-19-13-30,38.699999999999996,39.699999999999996,101
0.003943564408812388,0.03274588446624458,56.48080649432149,106.34824691472018,,,,,True,1.0,32,delaurier_uncalibrated,log_34_2026-4-16-19-13-30,38.699999999999996,39.699999999999996,101
1.1678540222251201,3.304834989752647,33.18257364080453,1.345402742511841,2.575495559746658,6.235970871064231,57.5671127794322,1.7069853791629435,False,1.0,32,delaurier_gain_calibrated,log_34_2026-4-16-19-13-30,38.699999999999996,39.699999999999996,101
0.007207873109953816,0.3069577797263815,88.44998071219338,112.7553076686745,,,,,True,1.0,32,delaurier_physically_calibrated,log_34_2026-4-16-19-13-30,38.699999999999996,39.699999999999996,101
0.36266245286777676,1.8733169201892117,45.139519170972264,2.213448246330407,1.0829560257023494,5.451000380435218,102.98899918907823,3.0296424602277874,False,1.0,32,nn_effective_wrench,log_34_2026-4-16-19-13-30,38.699999999999996,39.699999999999996,101
0.13272675554375815,0.3013013050507262,3.9041844230517513,0.4077781859749129,0.2875578391750274,0.6220553581778288,7.042601986562795,0.5774695562627968,False,1.0,33,label_oracle,log_34_2026-4-16-19-13-30,54.9,55.9,101
0.011505054315360346,0.24366176634644318,24.050374414447006,83.94572403103415,,,,,True,1.0,33,delaurier_uncalibrated,log_34_2026-4-16-19-13-30,54.9,55.9,101
0.5603675971818173,2.111225518817565,25.962197887186306,1.0438362424428356,1.4340026018062926,4.474945635053291,40.88846304823842,0.8197720314372152,False,1.0,33,delaurier_gain_calibrated,log_34_2026-4-16-19-13-30,54.9,55.9,101
0.013424561852861503,0.2518455941085005,85.81560420599031,113.77920852737185,,,,,True,1.0,33,delaurier_physically_calibrated,log_34_2026-4-16-19-13-30,54.9,55.9,101
0.591320673633055,2.3820400612846444,46.11931691990262,1.9479934523633393,1.6168592253782188,5.969950543241256,97.36734376352037,2.9641704252803307,False,1.0,33,nn_effective_wrench,log_34_2026-4-16-19-13-30,54.9,55.9,101
0.22657349136197266,0.9054850905889941,14.673654762546839,0.6542633366314651,0.5627714268301955,2.260928794884977,27.63074180089986,0.5826086427372842,False,1.0,34,label_oracle,log_34_2026-4-16-19-13-30,69.83,70.83,101
0.002145886429186452,0.07937720820470802,25.025010131660782,87.10269642650529,,,,,True,1.0,34,delaurier_uncalibrated,log_34_2026-4-16-19-13-30,69.83,70.83,101
0.8712950505616365,2.291353293154621,11.145628742630812,0.9569934508925952,1.8702532909432559,4.104348617341376,27.20586471638299,1.2246157440277605,False,1.0,34,delaurier_gain_calibrated,log_34_2026-4-16-19-13-30,69.83,70.83,101
0.006060181008604144,0.22051021797583104,71.40584393598736,96.6075446781248,,,,,True,1.0,34,delaurier_physically_calibrated,log_34_2026-4-16-19-13-30,69.83,70.83,101
0.3720441826065485,1.56743252739423,32.769907698711,1.597526033585211,0.9977205756465904,4.295859448091602,74.41314874096057,2.93669539026618,False,1.0,34,nn_effective_wrench,log_34_2026-4-16-19-13-30,69.83,70.83,101
0.19867687448295168,0.9627747259061146,15.036442801991768,0.5540945318373001,0.577157545135363,2.092266841324312,25.33100792891545,0.19073553836842963,False,1.0,35,label_oracle,log_34_2026-4-16-19-13-30,84.75999999999999,85.75999999999999,101
0.0031138125840680883,0.21695618359429367,67.36293179754765,127.9507317849621,,,,,True,1.0,35,delaurier_uncalibrated,log_34_2026-4-16-19-13-30,84.75999999999999,85.75999999999999,101
0.7936793732598991,2.1585633162761004,17.65140901677218,0.9467173532019867,1.7644141743008324,3.6488077724726096,35.63579515832332,0.6912970278116196,False,1.0,35,delaurier_gain_calibrated,log_34_2026-4-16-19-13-30,84.75999999999999,85.75999999999999,101
0.012827811388897787,0.38354578485496665,94.05353944221734,100.58685455038191,,,,,True,1.0,35,delaurier_physically_calibrated,log_34_2026-4-16-19-13-30,84.75999999999999,85.75999999999999,101
0.43561503771180454,2.1469378018401497,43.281744016557674,1.7494499677598518,1.3073880336336547,5.140822696902454,89.02251017388632,1.9592508104024176,False,1.0,35,nn_effective_wrench,log_34_2026-4-16-19-13-30,84.75999999999999,85.75999999999999,101
0.218536981223464,0.6029023795026146,10.469778032062868,0.4469021042913969,0.48199111997136723,1.284756289469891,18.885122145163457,0.3380126521851969,False,1.0,36,label_oracle,log_34_2026-4-16-19-13-30,99.69999999999999,100.69999999999999,101
0.009469660705446104,0.30541784591490806,92.73516352022423,106.40937579980496,,,,,True,1.0,36,delaurier_uncalibrated,log_34_2026-4-16-19-13-30,99.69999999999999,100.69999999999999,101
0.35695942214959303,1.0160754178325013,12.392143965062994,0.7302331850309338,0.7298217609604492,1.4608952931058132,22.036647441994507,0.8807902017431558,False,1.0,36,delaurier_gain_calibrated,log_34_2026-4-16-19-13-30,99.69999999999999,100.69999999999999,101
0.004383383057563116,0.3564492194208441,97.60059501686331,93.97935646828124,,,,,True,1.0,36,delaurier_physically_calibrated,log_34_2026-4-16-19-13-30,99.69999999999999,100.69999999999999,101
0.41494549956842325,1.649925732969525,36.67603098579118,1.5111023647547026,1.075134702874374,3.997675049091077,76.62595936187432,2.3380989234935665,False,1.0,36,nn_effective_wrench,log_34_2026-4-16-19-13-30,99.69999999999999,100.69999999999999,101
0.119895192430128,0.2724341732714805,4.236894133524357,0.40456627909006704,0.2422709134082895,0.586369443161284,7.507926815607287,0.45462050230516354,False,1.0,37,label_oracle,log_34_2026-4-16-19-13-30,117.17,118.17,101
0.021239041970479846,0.9353056109060585,92.08958892251161,105.18171457722896,,,,,True,1.0,37,delaurier_uncalibrated,log_34_2026-4-16-19-13-30,117.17,118.17,101
0.9270755558573028,3.6381062930730477,70.85192663790754,2.4018243201180494,2.4793346307117665,7.766922713905708,128.00526579072766,2.9423865705480297,False,1.0,37,delaurier_gain_calibrated,log_34_2026-4-16-19-13-30,117.17,118.17,101
0.023872236981345746,0.669511196075663,94.83980097156572,109.62997594588082,,,,,True,1.0,37,delaurier_physically_calibrated,log_34_2026-4-16-19-13-30,117.17,118.17,101
0.7363467832412269,3.022364464170828,57.349384331558845,2.333864713400042,2.011555071400545,7.040462385158727,120.07720330723964,4.383367440703248,False,1.0,37,nn_effective_wrench,log_34_2026-4-16-19-13-30,117.17,118.17,101
0.13416333857304527,0.5188680979108566,8.626278089907638,0.4419204466167538,0.3518638149661134,1.0194118709292415,14.307236586721082,0.28627175738611754,False,1.0,38,label_oracle,log_34_2026-4-16-19-13-30,132.1,133.1,101
0.009856517740839859,0.6088957071656335,59.33482482277302,83.42192827320557,,,,,True,1.0,38,delaurier_uncalibrated,log_34_2026-4-16-19-13-30,132.1,133.1,101
1.162540220053816,2.864283380462203,24.350947692249292,1.6888414570808055,2.454967443664745,4.5951692838644576,63.18620761816611,2.9766139833605503,False,1.0,38,delaurier_gain_calibrated,log_34_2026-4-16-19-13-30,132.1,133.1,101
0.01433244923170737,0.5831640031695416,96.087427612066,109.0414156859276,,,,,True,1.0,38,delaurier_physically_calibrated,log_34_2026-4-16-19-13-30,132.1,133.1,101
0.5477339769981291,2.2163763388428226,47.36457086139128,1.8410781781970924,1.4983549020632372,4.9412355728053035,93.45123968930771,2.1882017019007307,False,1.0,38,nn_effective_wrench,log_34_2026-4-16-19-13-30,132.1,133.1,101
0.1080954719787247,0.2879275850359114,4.348204563229471,0.27059593709938806,0.2514982498454963,0.586676309792451,7.428295516524957,0.4134584158394775,False,1.0,39,label_oracle,log_34_2026-4-16-19-13-30,147.04,148.04,101
0.00045359542247937196,0.028404232255379403,23.6765254199673,82.65618040232322,,,,,True,1.0,39,delaurier_uncalibrated,log_34_2026-4-16-19-13-30,147.04,148.04,101
0.520291132450171,1.9307306938832387,33.04708380006233,1.1558168686405865,1.3714499847107098,4.126882777978023,54.85029346585589,0.549942819236139,False,1.0,39,delaurier_gain_calibrated,log_34_2026-4-16-19-13-30,147.04,148.04,101
0.001393543931396762,0.052969020509880636,76.57690941997154,102.2025926267677,,,,,True,1.0,39,delaurier_physically_calibrated,log_34_2026-4-16-19-13-30,147.04,148.04,101
0.3649697965744543,1.478122611340038,33.2209880242497,1.399211180924728,0.9755122764720352,3.5398829071151052,66.82563269953184,1.6498739577735064,False,1.0,39,nn_effective_wrench,log_34_2026-4-16-19-13-30,147.04,148.04,101
