f_hz,pitch_deg,airspeed,mean_Fx,mean_Fz,mean_Pin,mean_sep_ratio,csv
3.0,10.0,5.0,-0.12032383858830921,3.128270201820548,17.11939086583065,0.14063959350514874,outputs_DeLaurier/trim_scan_sep_on_twist_on_near_stall_20/f3p000_pitch10p000_U5p000/windtunnel_v50.csv
3.0,10.0,6.0,-0.19986245633415978,4.455714125162873,20.12322842857038,0.09120762240654923,outputs_DeLaurier/trim_scan_sep_on_twist_on_near_stall_20/f3p000_pitch10p000_U6p000/windtunnel_v50.csv
3.0,10.0,7.0,-0.34677639939202026,6.124411717617181,23.32070054172973,0.057579949731979434,outputs_DeLaurier/trim_scan_sep_on_twist_on_near_stall_20/f3p000_pitch10p000_U7p000/windtunnel_v50.csv
3.0,10.0,8.0,nan,nan,nan,nan,
3.0,11.0,5.0,-0.21979355025017702,3.417425598537001,17.060609740728104,0.14596930595643687,outputs_DeLaurier/trim_scan_sep_on_twist_on_near_stall_20/f3p000_pitch11p000_U5p000/windtunnel_v50.csv
3.0,11.0,6.0,-0.3364558848309369,4.872853509195161,19.987012136704255,0.0971866221984242,outputs_DeLaurier/trim_scan_sep_on_twist_on_near_stall_20/f3p000_pitch11p000_U6p000/windtunnel_v50.csv
3.0,11.0,7.0,-0.5257679010665585,6.691006112260462,23.077785445528896,0.06394685106254756,outputs_DeLaurier/trim_scan_sep_on_twist_on_near_stall_20/f3p000_pitch11p000_U7p000/windtunnel_v50.csv
3.0,11.0,8.0,-0.7915966450888077,8.895304646957388,26.1204844499182,0.041138682861487724,outputs_DeLaurier/trim_scan_sep_on_twist_on_near_stall_20/f3p000_pitch11p000_U8p000/windtunnel_v50.csv
3.0,12.0,5.0,-0.3264291817789005,3.706785226843488,17.007659856797755,0.1509016389775796,outputs_DeLaurier/trim_scan_sep_on_twist_on_near_stall_20/f3p000_pitch12p000_U5p000/windtunnel_v50.csv
3.0,12.0,6.0,-0.4877603581342414,5.276498087699328,19.827708044604613,0.10447019781326261,outputs_DeLaurier/trim_scan_sep_on_twist_on_near_stall_20/f3p000_pitch12p000_U6p000/windtunnel_v50.csv
3.0,12.0,7.0,-0.7162519512631949,7.25684328016383,22.855249413991043,0.06984559335942248,outputs_DeLaurier/trim_scan_sep_on_twist_on_near_stall_20/f3p000_pitch12p000_U7p000/windtunnel_v50.csv
3.0,12.0,8.0,-1.031112658937066,9.631816547200692,25.78674867431905,0.047113533524528045,outputs_DeLaurier/trim_scan_sep_on_twist_on_near_stall_20/f3p000_pitch12p000_U8p000/windtunnel_v50.csv
3.0,13.0,5.0,-0.44166733690057325,3.987457135400592,16.948921639262277,0.15661872090141826,outputs_DeLaurier/trim_scan_sep_on_twist_on_near_stall_20/f3p000_pitch13p000_U5p000/windtunnel_v50.csv
3.0,13.0,6.0,-0.6430068862330875,5.6821647942637865,19.70872906379261,0.11015472555992882,outputs_DeLaurier/trim_scan_sep_on_twist_on_near_stall_20/f3p000_pitch13p000_U6p000/windtunnel_v50.csv
3.0,13.0,7.0,-0.9277435044032791,7.79623743978821,22.564031527908462,0.07782172528350732,outputs_DeLaurier/trim_scan_sep_on_twist_on_near_stall_20/f3p000_pitch13p000_U7p000/windtunnel_v50.csv
3.0,13.0,8.0,-1.2883386618626882,10.352248112988,25.44173288370225,0.053496308998294245,outputs_DeLaurier/trim_scan_sep_on_twist_on_near_stall_20/f3p000_pitch13p000_U8p000/windtunnel_v50.csv
3.0,14.0,5.0,-0.5659507569275594,4.258197502499458,16.881327203768528,0.16337730769614353,outputs_DeLaurier/trim_scan_sep_on_twist_on_near_stall_20/f3p000_pitch14p000_U5p000/windtunnel_v50.csv
3.0,14.0,6.0,-0.8158748777182715,6.066054034457085,19.53940800112325,0.1183852012386344,outputs_DeLaurier/trim_scan_sep_on_twist_on_near_stall_20/f3p000_pitch14p000_U6p000/windtunnel_v50.csv
3.0,14.0,7.0,-1.1510802704164278,8.32879294641705,22.28353606758634,0.08570901350077385,outputs_DeLaurier/trim_scan_sep_on_twist_on_near_stall_20/f3p000_pitch14p000_U7p000/windtunnel_v50.csv
3.0,14.0,8.0,-1.5674052145448754,11.041763309521567,25.038343624680355,0.06131422853035103,outputs_DeLaurier/trim_scan_sep_on_twist_on_near_stall_20/f3p000_pitch14p000_U8p000/windtunnel_v50.csv
3.0,15.0,5.0,-0.699146861074364,4.529414973919724,16.812165220371117,0.17024730022200463,outputs_DeLaurier/trim_scan_sep_on_twist_on_near_stall_20/f3p000_pitch15p000_U5p000/windtunnel_v50.csv
3.0,15.0,6.0,-0.9945384336164945,6.450417478734116,19.400491021869062,0.12546690166412644,outputs_DeLaurier/trim_scan_sep_on_twist_on_near_stall_20/f3p000_pitch15p000_U6p000/windtunnel_v50.csv
3.0,15.0,7.0,-1.3891655243233243,8.844776401284602,21.990370254551458,0.09425921307095096,outputs_DeLaurier/trim_scan_sep_on_twist_on_near_stall_20/f3p000_pitch15p000_U7p000/windtunnel_v50.csv
3.0,15.0,8.0,-1.861266109338011,11.720088002203898,24.65318899189506,0.06904337949864174,outputs_DeLaurier/trim_scan_sep_on_twist_on_near_stall_20/f3p000_pitch15p000_U8p000/windtunnel_v50.csv
3.2,10.0,5.0,-0.1046486734286229,3.047025826131629,19.134008499457373,0.1505510747812576,outputs_DeLaurier/trim_scan_sep_on_twist_on_near_stall_20/f3p200_pitch10p000_U5p000/windtunnel_v50.csv
3.2,10.0,6.0,-0.17411335178948387,4.305317861924335,22.24515538486905,0.10003465273036442,outputs_DeLaurier/trim_scan_sep_on_twist_on_near_stall_20/f3p200_pitch10p000_U6p000/windtunnel_v50.csv
3.2,10.0,7.0,-0.3017130815394862,5.891808609157372,25.654491697385545,0.06383805945326061,outputs_DeLaurier/trim_scan_sep_on_twist_on_near_stall_20/f3p200_pitch10p000_U7p000/windtunnel_v50.csv
3.2,10.0,8.0,-0.5101390421732737,7.836335775249939,28.99146516599336,0.04001258153603012,outputs_DeLaurier/trim_scan_sep_on_twist_on_near_stall_20/f3p200_pitch10p000_U8p000/windtunnel_v50.csv
3.2,11.0,5.0,-0.20438624062966163,3.3453062328515806,19.059883095308496,0.15498822135413307,outputs_DeLaurier/trim_scan_sep_on_twist_on_near_stall_20/f3p200_pitch11p000_U5p000/windtunnel_v50.csv
3.2,11.0,6.0,-0.30823698089242235,4.728232419098839,22.112995646567335,0.10463902801965472,outputs_DeLaurier/trim_scan_sep_on_twist_on_near_stall_20/f3p200_pitch11p000_U6p000/windtunnel_v50.csv
3.2,11.0,7.0,-0.4803957163136545,6.462166802992653,25.386236359966077,0.06972075522525356,outputs_DeLaurier/trim_scan_sep_on_twist_on_near_stall_20/f3p200_pitch11p000_U7p000/windtunnel_v50.csv
3.2,11.0,8.0,-0.7341192680059123,8.592743378225908,28.59430149110474,0.04567706489951072,outputs_DeLaurier/trim_scan_sep_on_twist_on_near_stall_20/f3p200_pitch11p000_U8p000/windtunnel_v50.csv
3.2,12.0,5.0,-0.31378053663500693,3.6289846033542275,18.972350752677176,0.1609329240632851,outputs_DeLaurier/trim_scan_sep_on_twist_on_near_stall_20/f3p200_pitch12p000_U5p000/windtunnel_v50.csv
3.2,12.0,6.0,-0.4599147625811918,5.135473149927776,21.927722247072424,0.11153092345107146,outputs_DeLaurier/trim_scan_sep_on_twist_on_near_stall_20/f3p200_pitch12p000_U6p000/windtunnel_v50.csv
3.2,12.0,7.0,-0.6727029577924211,7.027401011040534,25.121571056218134,0.07559072967528295,outputs_DeLaurier/trim_scan_sep_on_twist_on_near_stall_20/f3p200_pitch12p000_U7p000/windtunnel_v50.csv
3.2,12.0,8.0,-0.97628877549928,9.335456300130222,28.19345199924919,0.0515859594903031,outputs_DeLaurier/trim_scan_sep_on_twist_on_near_stall_20/f3p200_pitch12p000_U8p000/windtunnel_v50.csv
3.2,13.0,5.0,-0.42871534351710544,3.9159551355560076,18.903738026952432,0.16551965828168352,outputs_DeLaurier/trim_scan_sep_on_twist_on_near_stall_20/f3p200_pitch13p000_U5p000/windtunnel_v50.csv
3.2,13.0,6.0,-0.6179939080379705,5.540993010481361,21.773804963257227,0.11740034633089598,outputs_DeLaurier/trim_scan_sep_on_twist_on_near_stall_20/f3p200_pitch13p000_U6p000/windtunnel_v50.csv
3.2,13.0,7.0,-0.8816749112435572,7.5787666171151455,24.83303913673181,0.0822506620297607,outputs_DeLaurier/trim_scan_sep_on_twist_on_near_stall_20/f3p200_pitch13p000_U7p000/windtunnel_v50.csv
3.2,13.0,8.0,-1.2396645902467434,10.052475503348353,27.747969356857457,0.058606664781990454,outputs_DeLaurier/trim_scan_sep_on_twist_on_near_stall_20/f3p200_pitch13p000_U8p000/windtunnel_v50.csv
3.2,14.0,5.0,-0.5552846743318882,4.192370014673486,18.81361082202459,0.17207188759070063,outputs_DeLaurier/trim_scan_sep_on_twist_on_near_stall_20/f3p200_pitch14p000_U5p000/windtunnel_v50.csv
3.2,14.0,6.0,-0.7881766138812196,5.936933163903452,21.608056449379937,0.12396580278584213,outputs_DeLaurier/trim_scan_sep_on_twist_on_near_stall_20/f3p200_pitch14p000_U6p000/windtunnel_v50.csv
3.2,14.0,7.0,-1.1077912555451437,8.111357231330835,24.510196238880596,0.09010397329246468,outputs_DeLaurier/trim_scan_sep_on_twist_on_near_stall_20/f3p200_pitch14p000_U7p000/windtunnel_v50.csv
3.2,14.0,8.0,-1.5189495843004952,10.756130237357851,27.309346314822964,0.06576132966887921,outputs_DeLaurier/trim_scan_sep_on_twist_on_near_stall_20/f3p200_pitch14p000_U8p000/windtunnel_v50.csv
3.2,15.0,5.0,-0.689416337186677,4.466698077013463,18.725023020222185,0.17859134535119991,outputs_DeLaurier/trim_scan_sep_on_twist_on_near_stall_20/f3p200_pitch15p000_U5p000/windtunnel_v50.csv
3.2,15.0,6.0,-0.9703135161829778,6.315125188002815,21.425630001596197,0.1317899933943742,outputs_DeLaurier/trim_scan_sep_on_twist_on_near_stall_20/f3p200_pitch15p000_U6p000/windtunnel_v50.csv
3.2,15.0,7.0,-1.345475972309274,8.634837235501013,24.192884500066516,0.09804662967663116,outputs_DeLaurier/trim_scan_sep_on_twist_on_near_stall_20/f3p200_pitch15p000_U7p000/windtunnel_v50.csv
3.2,15.0,8.0,-1.8145648795248068,11.446295521640078,26.88096070700247,0.0729315941958903,outputs_DeLaurier/trim_scan_sep_on_twist_on_near_stall_20/f3p200_pitch15p000_U8p000/windtunnel_v50.csv
3.4000000000000004,10.0,5.0,-0.14930364157565107,3.3997799113153695,22.372353792377197,0.1741260248148864,outputs_DeLaurier/trim_scan_sep_on_twist_on_near_stall_20/f3p400_pitch10p000_U5p000/windtunnel_v50.csv
3.4000000000000004,10.0,6.0,-0.2099598747746638,4.707113502251612,25.86198460265589,0.11919560525682989,outputs_DeLaurier/trim_scan_sep_on_twist_on_near_stall_20/f3p400_pitch10p000_U6p000/windtunnel_v50.csv
3.4000000000000004,10.0,7.0,-0.32506017185288755,6.32737925928281,29.762403688438244,0.07960622433095674,outputs_DeLaurier/trim_scan_sep_on_twist_on_near_stall_20/f3p400_pitch10p000_U7p000/windtunnel_v50.csv
3.4000000000000004,10.0,8.0,-0.5103449675921419,8.295748902562543,33.794179178541036,0.0515580338899616,outputs_DeLaurier/trim_scan_sep_on_twist_on_near_stall_20/f3p400_pitch10p000_U8p000/windtunnel_v50.csv
3.4000000000000004,11.0,5.0,-0.25483827507862167,3.696438411907889,22.34994324407149,0.17892298204515647,outputs_DeLaurier/trim_scan_sep_on_twist_on_near_stall_20/f3p400_pitch11p000_U5p000/windtunnel_v50.csv
3.4000000000000004,11.0,6.0,-0.35372898522336693,5.124636610044411,25.776173145029972,0.12498741487995281,outputs_DeLaurier/trim_scan_sep_on_twist_on_near_stall_20/f3p400_pitch11p000_U6p000/windtunnel_v50.csv
3.4000000000000004,11.0,7.0,-0.5103526040833901,6.89612767857836,29.588031908477767,0.08565580339651233,outputs_DeLaurier/trim_scan_sep_on_twist_on_near_stall_20/f3p400_pitch11p000_U7p000/windtunnel_v50.csv
3.4000000000000004,11.0,8.0,-0.7440285258800065,9.045086965019303,33.489214244180026,0.05778950623611856,outputs_DeLaurier/trim_scan_sep_on_twist_on_near_stall_20/f3p400_pitch11p000_U8p000/windtunnel_v50.csv
3.4000000000000004,12.0,5.0,-0.36886762449029803,3.987975816819856,22.328850645470812,0.18393264929139355,outputs_DeLaurier/trim_scan_sep_on_twist_on_near_stall_20/f3p400_pitch12p000_U5p000/windtunnel_v50.csv
3.4000000000000004,12.0,6.0,-0.5092126916343492,5.535863390732906,25.685051332544802,0.13115719995120667,outputs_DeLaurier/trim_scan_sep_on_twist_on_near_stall_20/f3p400_pitch12p000_U6p000/windtunnel_v50.csv
3.4000000000000004,12.0,7.0,-0.7123963063308636,7.454573339866266,29.395486489218296,0.09227140948051464,outputs_DeLaurier/trim_scan_sep_on_twist_on_near_stall_20/f3p400_pitch12p000_U7p000/windtunnel_v50.csv
3.4000000000000004,12.0,8.0,-0.9975000149832891,9.780083536736212,33.164767822169075,0.0644965075028235,outputs_DeLaurier/trim_scan_sep_on_twist_on_near_stall_20/f3p400_pitch12p000_U8p000/windtunnel_v50.csv
3.4000000000000004,13.0,5.0,-0.49225076548230184,4.2738219109676905,22.302843341887716,0.18958512420991092,outputs_DeLaurier/trim_scan_sep_on_twist_on_near_stall_20/f3p400_pitch13p000_U5p000/windtunnel_v50.csv
3.4000000000000004,13.0,6.0,-0.6746031749383041,5.9413698142922255,25.600345326801417,0.1372477782386868,outputs_DeLaurier/trim_scan_sep_on_twist_on_near_stall_20/f3p400_pitch13p000_U6p000/windtunnel_v50.csv
3.4000000000000004,13.0,7.0,-0.9299745030671025,7.999911358749148,29.188246597981152,0.09947721087417541,outputs_DeLaurier/trim_scan_sep_on_twist_on_near_stall_20/f3p400_pitch13p000_U7p000/windtunnel_v50.csv
3.4000000000000004,13.0,8.0,-1.2710102107336965,10.496082796705474,32.81161967856277,0.0719092168350896,outputs_DeLaurier/trim_scan_sep_on_twist_on_near_stall_20/f3p400_pitch13p000_U8p000/windtunnel_v50.csv
3.4000000000000004,14.0,5.0,-0.6239767082984361,4.555199731992936,22.274618038538236,0.19555745258529253,outputs_DeLaurier/trim_scan_sep_on_twist_on_near_stall_20/f3p400_pitch14p000_U5p000/windtunnel_v50.csv
3.4000000000000004,14.0,6.0,-0.8544586180161985,6.3305326573130625,25.49010994907523,0.14484361897753492,outputs_DeLaurier/trim_scan_sep_on_twist_on_near_stall_20/f3p400_pitch14p000_U6p000/windtunnel_v50.csv
3.4000000000000004,14.0,7.0,-1.161272828023888,8.535642696151777,28.981158149391728,0.1068879626259949,outputs_DeLaurier/trim_scan_sep_on_twist_on_near_stall_20/f3p400_pitch14p000_U7p000/windtunnel_v50.csv
3.4000000000000004,14.0,8.0,-1.5614654963246937,11.19783813428593,32.46283833763421,0.07951777862491356,outputs_DeLaurier/trim_scan_sep_on_twist_on_near_stall_20/f3p400_pitch14p000_U8p000/windtunnel_v50.csv
3.4000000000000004,15.0,5.0,-0.7641882253130253,4.828692388193908,22.247094341369024,0.20199574230373457,outputs_DeLaurier/trim_scan_sep_on_twist_on_near_stall_20/f3p400_pitch15p000_U5p000/windtunnel_v50.csv
3.4000000000000004,15.0,6.0,-1.0429862862305106,6.716939362626328,25.39369309875563,0.15197214060866443,outputs_DeLaurier/trim_scan_sep_on_twist_on_near_stall_20/f3p400_pitch15p000_U6p000/windtunnel_v50.csv
3.4000000000000004,15.0,7.0,-1.409287588876947,9.050917116094915,28.744236081963006,0.11543502672507369,outputs_DeLaurier/trim_scan_sep_on_twist_on_near_stall_20/f3p400_pitch15p000_U7p000/windtunnel_v50.csv
3.4000000000000004,15.0,8.0,-1.8712774747477092,11.875228277342934,32.08666451172688,0.08794047859327725,outputs_DeLaurier/trim_scan_sep_on_twist_on_near_stall_20/f3p400_pitch15p000_U8p000/windtunnel_v50.csv
3.6000000000000005,10.0,5.0,-0.08421906790383035,3.0369018896372038,25.188577552740156,0.1841128886706973,outputs_DeLaurier/trim_scan_sep_on_twist_on_near_stall_20/f3p600_pitch10p000_U5p000/windtunnel_v50.csv
3.6000000000000005,10.0,6.0,-0.13355893537860036,4.282578550947982,28.729990891910052,0.12688684421795604,outputs_DeLaurier/trim_scan_sep_on_twist_on_near_stall_20/f3p600_pitch10p000_U6p000/windtunnel_v50.csv
3.6000000000000005,10.0,7.0,-0.23698376122247666,5.832276170431699,32.70065977236175,0.08580168640403384,outputs_DeLaurier/trim_scan_sep_on_twist_on_near_stall_20/f3p600_pitch10p000_U7p000/windtunnel_v50.csv
3.6000000000000005,10.0,8.0,-0.409139403301954,7.723901288323341,36.82746080516027,0.05635019864569596,outputs_DeLaurier/trim_scan_sep_on_twist_on_near_stall_20/f3p600_pitch10p000_U8p000/windtunnel_v50.csv
3.6000000000000005,11.0,5.0,-0.18484073507333157,3.339003921507823,25.12360997071845,0.187932661995909,outputs_DeLaurier/trim_scan_sep_on_twist_on_near_stall_20/f3p600_pitch11p000_U5p000/windtunnel_v50.csv
3.6000000000000005,11.0,6.0,-0.27343427016747834,4.707960167102558,28.58274126544374,0.13192741736555336,outputs_DeLaurier/trim_scan_sep_on_twist_on_near_stall_20/f3p600_pitch11p000_U6p000/windtunnel_v50.csv
3.6000000000000005,11.0,7.0,-0.418822261283178,6.407082788226252,32.44227881794932,0.09127281869103991,outputs_DeLaurier/trim_scan_sep_on_twist_on_near_stall_20/f3p600_pitch11p000_U7p000/windtunnel_v50.csv
3.6000000000000005,11.0,8.0,-0.638361832037537,8.479280523224762,36.42704661293172,0.06191050654895982,outputs_DeLaurier/trim_scan_sep_on_twist_on_near_stall_20/f3p600_pitch11p000_U8p000/windtunnel_v50.csv
3.6000000000000005,12.0,5.0,-0.29435607055999313,3.6360371653807184,25.05910941174483,0.1919756503328524,outputs_DeLaurier/trim_scan_sep_on_twist_on_near_stall_20/f3p600_pitch12p000_U5p000/windtunnel_v50.csv
3.6000000000000005,12.0,6.0,-0.4234153854122117,5.126114760784111,28.44383713571911,0.1368935773486226,outputs_DeLaurier/trim_scan_sep_on_twist_on_near_stall_20/f3p600_pitch12p000_U6p000/windtunnel_v50.csv
3.6000000000000005,12.0,7.0,-0.6172160162145197,6.969955947040143,32.173181910977725,0.09724635501549667,outputs_DeLaurier/trim_scan_sep_on_twist_on_near_stall_20/f3p600_pitch12p000_U7p000/windtunnel_v50.csv
3.6000000000000005,12.0,8.0,-0.890164344585141,9.215432207525899,35.98212609295428,0.0683754249112554,outputs_DeLaurier/trim_scan_sep_on_twist_on_near_stall_20/f3p600_pitch12p000_U8p000/windtunnel_v50.csv
3.6000000000000005,13.0,5.0,-0.413497670730556,3.928708447318423,24.990316029568042,0.19657524444973623,outputs_DeLaurier/trim_scan_sep_on_twist_on_near_stall_20/f3p600_pitch13p000_U5p000/windtunnel_v50.csv
3.6000000000000005,13.0,6.0,-0.5868940257383726,5.536279602314578,28.284594917098268,0.14276708064295557,outputs_DeLaurier/trim_scan_sep_on_twist_on_near_stall_20/f3p600_pitch13p000_U6p000/windtunnel_v50.csv
3.6000000000000005,13.0,7.0,-0.8305234362445155,7.52483437737618,31.895587884807387,0.10355823919068174,outputs_DeLaurier/trim_scan_sep_on_twist_on_near_stall_20/f3p600_pitch13p000_U7p000/windtunnel_v50.csv
3.6000000000000005,13.0,8.0,-1.1588633679211247,9.942868200902641,35.54160458963197,0.07490576658347355,outputs_DeLaurier/trim_scan_sep_on_twist_on_near_stall_20/f3p600_pitch13p000_U8p000/windtunnel_v50.csv
3.6000000000000005,14.0,5.0,-0.5420966576512646,4.215519674779511,24.918918903660405,0.20177164563684621,outputs_DeLaurier/trim_scan_sep_on_twist_on_near_stall_20/f3p600_pitch14p000_U5p000/windtunnel_v50.csv
3.6000000000000005,14.0,6.0,-0.7635699932877605,5.933339620370703,28.117245653134802,0.14950233478318328,outputs_DeLaurier/trim_scan_sep_on_twist_on_near_stall_20/f3p600_pitch14p000_U6p000/windtunnel_v50.csv
3.6000000000000005,14.0,7.0,-1.0608661444799379,8.061865783131257,31.591698192106655,0.11086225438591328,outputs_DeLaurier/trim_scan_sep_on_twist_on_near_stall_20/f3p600_pitch14p000_U7p000/windtunnel_v50.csv
3.6000000000000005,14.0,8.0,-1.4495102025545152,10.647604058798027,35.058232893650136,0.08240491078758465,outputs_DeLaurier/trim_scan_sep_on_twist_on_near_stall_20/f3p600_pitch14p000_U8p000/windtunnel_v50.csv
3.6000000000000005,15.0,5.0,-0.6778852785227824,4.4965542608207105,24.84945575084093,0.20707634719667573,outputs_DeLaurier/trim_scan_sep_on_twist_on_near_stall_20/f3p600_pitch15p000_U5p000/windtunnel_v50.csv
3.6000000000000005,15.0,6.0,-0.9479180940102186,6.327415873119623,27.96929170878793,0.15561272966418307,outputs_DeLaurier/trim_scan_sep_on_twist_on_near_stall_20/f3p600_pitch15p000_U6p000/windtunnel_v50.csv
3.6000000000000005,15.0,7.0,-1.3029049536551602,8.591130053293988,31.305639318110817,0.11796666173719374,outputs_DeLaurier/trim_scan_sep_on_twist_on_near_stall_20/f3p600_pitch15p000_U7p000/windtunnel_v50.csv
3.6000000000000005,15.0,8.0,-1.7561901830494524,11.340476391418985,34.582625614327554,0.09003398265207904,outputs_DeLaurier/trim_scan_sep_on_twist_on_near_stall_20/f3p600_pitch15p000_U8p000/windtunnel_v50.csv
3.8000000000000007,10.0,5.0,-0.15597640943474353,3.429304330740006,28.91553021727873,0.20397778326161364,outputs_DeLaurier/trim_scan_sep_on_twist_on_near_stall_20/f3p800_pitch10p000_U5p000/windtunnel_v50.csv
3.8000000000000007,10.0,6.0,-0.2013931128605695,4.6802477939209925,32.709745309484795,0.14416384873697863,outputs_DeLaurier/trim_scan_sep_on_twist_on_near_stall_20/f3p800_pitch10p000_U6p000/windtunnel_v50.csv
3.8000000000000007,10.0,7.0,-0.2938769066857956,6.2266363750731,37.019408814033554,0.10036322998409378,outputs_DeLaurier/trim_scan_sep_on_twist_on_near_stall_20/f3p800_pitch10p000_U7p000/windtunnel_v50.csv
3.8000000000000007,10.0,8.0,-0.44619203123141543,8.102216495687069,41.640355758851136,0.06787784312599447,outputs_DeLaurier/trim_scan_sep_on_twist_on_near_stall_20/f3p800_pitch10p000_U8p000/windtunnel_v50.csv
3.8000000000000007,11.0,5.0,-0.26449343138656295,3.7340568260198364,28.892907684991624,0.2080395641839492,outputs_DeLaurier/trim_scan_sep_on_twist_on_near_stall_20/f3p800_pitch11p000_U5p000/windtunnel_v50.csv
3.8000000000000007,11.0,6.0,-0.3471395530133257,5.107194464770391,32.628231062147435,0.14902401170722493,outputs_DeLaurier/trim_scan_sep_on_twist_on_near_stall_20/f3p800_pitch11p000_U6p000/windtunnel_v50.csv
3.8000000000000007,11.0,7.0,-0.48456469192563345,6.798690125532834,36.83154278225217,0.1061839926439835,outputs_DeLaurier/trim_scan_sep_on_twist_on_near_stall_20/f3p800_pitch11p000_U7p000/windtunnel_v50.csv
3.8000000000000007,11.0,8.0,-0.6846786335942827,8.85147188519106,41.322147828800944,0.07385835281560116,outputs_DeLaurier/trim_scan_sep_on_twist_on_near_stall_20/f3p800_pitch11p000_U8p000/windtunnel_v50.csv
3.8000000000000007,12.0,5.0,-0.3820335404997955,4.033558810376692,28.87270098672656,0.21227632349759015,outputs_DeLaurier/trim_scan_sep_on_twist_on_near_stall_20/f3p800_pitch12p000_U5p000/windtunnel_v50.csv
3.8000000000000007,12.0,6.0,-0.5065580955832919,5.524281519890947,32.53408203415556,0.15463314830162217,outputs_DeLaurier/trim_scan_sep_on_twist_on_near_stall_20/f3p800_pitch12p000_U6p000/windtunnel_v50.csv
3.8000000000000007,12.0,7.0,-0.6896297517261764,7.365325773960177,36.65028416793129,0.11196216264990444,outputs_DeLaurier/trim_scan_sep_on_twist_on_near_stall_20/f3p800_pitch12p000_U7p000/windtunnel_v50.csv
3.8000000000000007,12.0,8.0,-0.9437532265260351,9.592104298689675,40.98404777336219,0.08021461963386221,outputs_DeLaurier/trim_scan_sep_on_twist_on_near_stall_20/f3p800_pitch12p000_U8p000/windtunnel_v50.csv
3.8000000000000007,13.0,5.0,-0.508124883529693,4.3280337899165024,28.851081254649,0.2168071934227137,outputs_DeLaurier/trim_scan_sep_on_twist_on_near_stall_20/f3p800_pitch13p000_U5p000/windtunnel_v50.csv
3.8000000000000007,13.0,6.0,-0.6783522756358058,5.933786574039522,32.43602216206415,0.16071084882305262,outputs_DeLaurier/trim_scan_sep_on_twist_on_near_stall_20/f3p800_pitch13p000_U6p000/windtunnel_v50.csv
3.8000000000000007,13.0,7.0,-0.9123160916678059,7.91302251302013,36.43796662917836,0.11885974835750265,outputs_DeLaurier/trim_scan_sep_on_twist_on_near_stall_20/f3p800_pitch13p000_U7p000/windtunnel_v50.csv
3.8000000000000007,13.0,8.0,-1.225141848902178,10.306497527492514,40.59832219371964,0.08771483269607595,outputs_DeLaurier/trim_scan_sep_on_twist_on_near_stall_20/f3p800_pitch13p000_U8p000/windtunnel_v50.csv
3.8000000000000007,14.0,5.0,-0.6443735836793153,4.614835937301355,28.82057221663149,0.22241059028300952,outputs_DeLaurier/trim_scan_sep_on_twist_on_near_stall_20/f3p800_pitch14p000_U5p000/windtunnel_v50.csv
3.8000000000000007,14.0,6.0,-0.8625009501953691,6.336529920196512,32.333942795565115,0.16718808729490753,outputs_DeLaurier/trim_scan_sep_on_twist_on_near_stall_20/f3p800_pitch14p000_U6p000/windtunnel_v50.csv
3.8000000000000007,14.0,7.0,-1.1506695116370427,8.454378292071471,36.21804622104996,0.12604215813424977,outputs_DeLaurier/trim_scan_sep_on_twist_on_near_stall_20/f3p800_pitch14p000_U7p000/windtunnel_v50.csv
3.8000000000000007,14.0,8.0,-1.5222594256946396,11.015253115219844,40.23713124974287,0.09490642239245356,outputs_DeLaurier/trim_scan_sep_on_twist_on_near_stall_20/f3p800_pitch14p000_U8p000/windtunnel_v50.csv
3.8000000000000007,15.0,5.0,-0.7895745086524485,4.894795863875548,28.789772947826332,0.2285006808438813,outputs_DeLaurier/trim_scan_sep_on_twist_on_near_stall_20/f3p800_pitch15p000_U5p000/windtunnel_v50.csv
3.8000000000000007,15.0,6.0,-1.0574146341240813,6.729302030292953,32.2332219154825,0.17398946086384182,outputs_DeLaurier/trim_scan_sep_on_twist_on_near_stall_20/f3p800_pitch15p000_U6p000/windtunnel_v50.csv
3.8000000000000007,15.0,7.0,-1.4025952130418051,8.983291636256112,36.00143395110751,0.13346703497667173,outputs_DeLaurier/trim_scan_sep_on_twist_on_near_stall_20/f3p800_pitch15p000_U7p000/windtunnel_v50.csv
3.8000000000000007,15.0,8.0,-1.8409425584358297,11.69715775539689,39.828884595371235,0.10327712481497295,outputs_DeLaurier/trim_scan_sep_on_twist_on_near_stall_20/f3p800_pitch15p000_U8p000/windtunnel_v50.csv
4.000000000000001,10.0,5.0,-0.1210596157016237,3.3167145936001297,31.99165824833392,0.21387254917169754,outputs_DeLaurier/trim_scan_sep_on_twist_on_near_stall_20/f4p000_pitch10p000_U5p000/windtunnel_v50.csv
4.000000000000001,10.0,6.0,-0.17132431409459742,4.590481973780097,35.862972220199794,0.15407091095588618,outputs_DeLaurier/trim_scan_sep_on_twist_on_near_stall_20/f4p000_pitch10p000_U6p000/windtunnel_v50.csv
4.000000000000001,10.0,7.0,-0.2532956540771214,6.1468456841709695,40.36427094642707,0.10763320752122034,outputs_DeLaurier/trim_scan_sep_on_twist_on_near_stall_20/f4p000_pitch10p000_U7p000/windtunnel_v50.csv
4.000000000000001,10.0,8.0,-0.4035954993054857,8.020706665043043,45.14526519397106,0.0747353967487236,outputs_DeLaurier/trim_scan_sep_on_twist_on_near_stall_20/f4p000_pitch10p000_U8p000/windtunnel_v50.csv
4.000000000000001,11.0,5.0,-0.23079541406452267,3.627622686497603,31.968663513784865,0.21814413117400402,outputs_DeLaurier/trim_scan_sep_on_twist_on_near_stall_20/f4p000_pitch11p000_U5p000/windtunnel_v50.csv
4.000000000000001,11.0,6.0,-0.3159051968527483,5.013348746399289,35.78018542222042,0.15889244257532725,outputs_DeLaurier/trim_scan_sep_on_twist_on_near_stall_20/f4p000_pitch11p000_U6p000/windtunnel_v50.csv
4.000000000000001,11.0,7.0,-0.44399908939395866,6.725043930439962,40.16955470939266,0.11320058987446745,outputs_DeLaurier/trim_scan_sep_on_twist_on_near_stall_20/f4p000_pitch11p000_U7p000/windtunnel_v50.csv
4.000000000000001,11.0,8.0,-0.6398174059042604,8.776065920987055,44.8394498247691,0.08018657068541128,outputs_DeLaurier/trim_scan_sep_on_twist_on_near_stall_20/f4p000_pitch11p000_U8p000/windtunnel_v50.csv
4.000000000000001,12.0,5.0,-0.3456599751219055,3.925198071187125,31.94325126188038,0.22260738301065622,outputs_DeLaurier/trim_scan_sep_on_twist_on_near_stall_20/f4p000_pitch12p000_U5p000/windtunnel_v50.csv
4.000000000000001,12.0,6.0,-0.46966113215448435,5.436439220492186,35.70796462688165,0.16328352550044647,outputs_DeLaurier/trim_scan_sep_on_twist_on_near_stall_20/f4p000_pitch12p000_U6p000/windtunnel_v50.csv
4.000000000000001,12.0,7.0,nan,nan,nan,nan,
4.000000000000001,12.0,8.0,-0.8985446910519688,9.508164455099246,44.494007638202554,0.08663580156687749,outputs_DeLaurier/trim_scan_sep_on_twist_on_near_stall_20/f4p000_pitch12p000_U8p000/windtunnel_v50.csv
4.000000000000001,13.0,5.0,-0.4723680357843441,4.21980376109201,31.907412883384247,0.2281238906909875,outputs_DeLaurier/trim_scan_sep_on_twist_on_near_stall_20/f4p000_pitch13p000_U5p000/windtunnel_v50.csv
4.000000000000001,13.0,6.0,-0.6373994312480493,5.856328447576856,35.63014522823266,0.16805948243070068,outputs_DeLaurier/trim_scan_sep_on_twist_on_near_stall_20/f4p000_pitch13p000_U6p000/windtunnel_v50.csv
4.000000000000001,13.0,7.0,-0.8702286829032579,7.845022870566,39.76907136544806,0.12544618457913528,outputs_DeLaurier/trim_scan_sep_on_twist_on_near_stall_20/f4p000_pitch13p000_U7p000/windtunnel_v50.csv
4.000000000000001,13.0,8.0,-1.1740288647331119,10.235175019763942,44.175692507518825,0.09271779219330231,outputs_DeLaurier/trim_scan_sep_on_twist_on_near_stall_20/f4p000_pitch13p000_U8p000/windtunnel_v50.csv
4.000000000000001,14.0,5.0,-0.6057185530662529,4.509965066994402,31.882138244792227,0.23318167427449724,outputs_DeLaurier/trim_scan_sep_on_twist_on_near_stall_20/f4p000_pitch14p000_U5p000/windtunnel_v50.csv
4.000000000000001,14.0,6.0,-0.8209809916004501,6.262836801483131,35.52792160695185,0.1742707207207888,outputs_DeLaurier/trim_scan_sep_on_twist_on_near_stall_20/f4p000_pitch14p000_U6p000/windtunnel_v50.csv
4.000000000000001,14.0,7.0,-1.1079167079234908,8.389490779108202,39.56155912662096,0.13212265556440964,outputs_DeLaurier/trim_scan_sep_on_twist_on_near_stall_20/f4p000_pitch14p000_U7p000/windtunnel_v50.csv
4.000000000000001,14.0,8.0,-1.4720251450396789,10.937242147071382,43.78256808442211,0.10033659844820651,outputs_DeLaurier/trim_scan_sep_on_twist_on_near_stall_20/f4p000_pitch14p000_U8p000/windtunnel_v50.csv
4.000000000000001,15.0,5.0,-0.7479817488994873,4.796016208811942,31.87413043020169,0.23779846400815788,outputs_DeLaurier/trim_scan_sep_on_twist_on_near_stall_20/f4p000_pitch15p000_U5p000/windtunnel_v50.csv
4.000000000000001,15.0,6.0,-1.0156205926160473,6.655660441125851,35.4339149570664,0.18077560198748022,outputs_DeLaurier/trim_scan_sep_on_twist_on_near_stall_20/f4p000_pitch15p000_U6p000/windtunnel_v50.csv
4.000000000000001,15.0,7.0,-1.3563791072941036,8.919238664660918,39.362437832579445,0.13901512497464408,outputs_DeLaurier/trim_scan_sep_on_twist_on_near_stall_20/f4p000_pitch15p000_U7p000/windtunnel_v50.csv
4.000000000000001,15.0,8.0,-1.7931812385676509,11.614582121994403,43.35383618400587,0.10891439667115445,outputs_DeLaurier/trim_scan_sep_on_twist_on_near_stall_20/f4p000_pitch15p000_U8p000/windtunnel_v50.csv
